﻿등급,회원사,홈페이지,지역,사업장도로명주소,주요업종(국민연금 신고),고용현황(국민연금 가입자),매출액(억원),매출연도,주요제품,부설연구소,출처,비고
회장사,HD건설기계(주),https://www.hd-ce.com/kr/,,,,,34381,2024,"굴착기·휠로더 등 건설기계 완성차 (브랜드 ROBEX), 전기·수소 친환경 장비 개발",유,"[조사] 굿모닝경제/인포스탁데일리(2024 매출 3조4381억), HD현대건설기계 국내센터(분당 글로벌 R&D센터)·용인 기술혁신센터 공식 표기. ※회원사명 'HD건설기계'=상장사 HD현대건설기계(267270)",국민연금 미매칭 ｜ 국민연금 미매칭이나 협회 회장사=HD현대건설기계로 확정
부회장사,볼보그룹코리아(주),http://www.volvoce.co.kr,경남 창원시,경상남도 창원시 성산구 두산볼보로,상품 종합 도매업,1058,14494,2023,"굴삭기·굴절식트럭 등 건설기계 제조·판매 (창원공장 생산), 전기굴착기·배터리팩",유,"국민연금('26.5) ｜ [조사] catch.co.kr(매출 1조4494억, 사원 1459명)·volvoce.com·디지털창원문화대전: 창원공장에 조립생산 공장+연구개발(R&D)센터 구성. 연도는 catch 기재 직전 회계연도 추정",2024 확정 매출은 미공개; catch 기준치 사용
부회장사,(주)다보정밀,http://www.dabo21.com,인천 남동구,인천광역시 남동구 남동대로,건설 및 채광용 기계장비 제조업,58,257,2023,"굴삭기 캐빈 Assy·지게차 조립 등 중장비 부품 OEM(두산인프라코어), EPP·EPS 진공성형기",유,"국민연금('26.5) ｜ [조사] saramin(2023 매출 257.8억, 사원 79명; 2020년 219.3억)·komachine·잡코리아: '자체 연구소 설립' 명시","직전 2020년 219억 대비 증가; 홈페이지 dabo21.com 인증서 오류로 미접속, 코머신/잡코리아로 제품·연구소 확인"
부회장사,대모엔지니어링(주),http://www.daemo.co.kr,경기 시흥시,경기도 시흥시 엠티브이26로58번길,건설 및 채광용 기계장비 제조업,91,408,2024,"유압브레이커·콘크리트크러셔·고철절단쉐어·퀵커플러 등 굴삭기용 어태치먼트, 스마트 브레이커(ICT)",불명,"국민연금('26.5) ｜ [조사] saramin(2024 매출 408.4억), daemo.co.kr 홈페이지: 'R&D 투자·특허 140여건' 강조하나 기업부설연구소/기술연구소 명칭 미표기. 코스닥 상장사(2019)",R&D 활동은 있으나 홈페이지에 연구소 명칭 명시 없어 보수적으로 불명
부회장사,(주)서연탑메탈,http://www.seoyontop.com/,인천 남동구,인천광역시 남동구 청능대로410번길,주형 및 금형 제조업,201,1730,2023,자동차 프레스·사출금형 및 굴착기 캐빈 등 건설중장비 부품 (서연그룹 계열),유,"국민연금('26.5) ｜ [조사] 검색결과(2023 매출 1730억, 사원 220명)·seoyontop.com 홈페이지 R&D 메뉴에 '연구소 소개'·성형해석/3D설계 표기. 코스피 상장사(019770)",
부회장사,(주)우진,http://www.woojin.co.kr,경기 화성시,경기도 화성시 동탄구 동탄역로,산업 처리공정 제어장비 제조업,162,1407,2024,"원전·발전소용 계측기, 온도센서, 유량계, 자동화·진단장비 등 산업 계측제어기기 (센싱기술 전문)",불명,"국민연금('26.5) ｜ [조사] inthenews(2024 연결매출 1407억, 영업익 161억)·fnguide(코스피 105840)·woojininc.com 홈페이지: 'R&D'를 사업부문으로 표기하나 부설연구소 명칭 미표기","확인요(동명 14법인,상호 짧음) ｜ 동명 다수 법인 중 화성 동탄·산업처리공정 제어장비=상장사 우진(105840)로 확정. CSV 홈페이지 woojin.co.kr는 오기, 실제 woojininc.com"
부회장사,(주)원우ENG,http://www.wonwooeng.com,경북 경주시,경상북도 경주시 외동읍 외동농공단지길,금속 문  창  셔터 및 관련제품 제조업,17,229,2024,굴삭기 버켓·어태치먼트 등 건설중장비 부품 제조,불명,"국민연금('26.5) ｜ [조사] catch.co.kr/잡코리아/사람인 (228.6억, 2024년 기준, 전년比 26%↓). 주의: 동명 '원우이엔지'(영상·카메라, wonwoo.com)는 별개 법인 — 본 건은 경주 외동 굴삭기부품 wonwooeng.com. 홈페이지 인증서 만료로 미접속, 부설연구소 확인 불가.",고용 17명·매출 229억은 굴삭기부품 가공업 특성상 정합. 동명 5법인 아님 주의(영상카메라사 혼동 배제).
부회장사,(주)월드튜브,http://www.worldtube.co.kr,경남 김해시,경상남도 김해시 진례면 고모로,그 외 자동차용 신품 부품 제조업,128,376,2025,"건설중장비·자동차용 고압배관(튜브·파이프 벤딩품), 연료전지·나노신소재 부품",불명,"국민연금('26.5) ｜ [조사] 사람인 재무(2025년 376.1억, 2024년 290.6억, 2023년 352.4억). 홈페이지 자체서명 인증서로 미접속, 부설연구소 표기 확인 불가.",건설중장비용 고압배관류 주력. 연구소 여부는 홈페이지 미접속으로 불명.
부회장사,(주)한울에이치앤피이,http://www.ihose.co.kr,경남 양산시,경상남도 양산시 유산공단2길,BIZ_NO미존재사업장,112,,,"유압호스 조립체(HOSE ASS'Y), 호스릴 등 건설장비·조선·해양플랜트용 유공압 부품",불명,"국민연금('26.5) ｜ [조사] 홈페이지(ihose.co.kr) 회사소개로 제품 확인. 매출은 비외감 중소기업(직원 97명)으로 공개 수치 없음 — nicebizinfo·사람인 모두 매출액 비공개(2013년 295.8억 옛 자료만 존재, 최신 아님). 홈페이지 인증서 오류로 연혁 미확인.",현대중공업·대우조선·삼성중공업 등 납품. 최신 매출 비공개로 공란.
부회장사,(주)화영,http://www.hwa-young.co.kr,부산 강서구,부산광역시 강서구 과학산단1로60번길,그 외 자동차용 신품 부품 제조업,150,684,2024,"차량·건설장비용 브레이크·연료튜브, LPI 튜브, 천연가스 연료필터 등 배관부품",불명,"국민연금('26.5) ｜ [조사] 사람인 기업정보(683.8억, 직원 145명). 두산인프라코어·대우버스·화승R&A 1차 협력사. 비고 '동명 5법인' — 부산 강서구 손화현 대표 화영으로 매칭. 홈페이지 인증서 오류로 연구소 표기 미확인.","확인요(동명 5법인,상호 짧음) ｜ 동명 다수이나 부산 강서 자동차/건설장비 배관부품사로 지역·업종 일치. 매출 기준연도 사이트 명시 없으나 2024 회계연도로 추정."
부회장사,훌루테크(주),http://www.flutek.co.kr,경남 창원시,경상남도 창원시 성산구 공단로98번길,유압 기기 제조업,72,2447,2024,"건설기계·선박용 유압기기(펌프·모터·밸브), 조향장치 등 모션컨트롤 시스템",유,"국민연금('26.5) ｜ [조사] WebSearch/사람인 (2024년 2,447억). 일본 가와사키(KPM) 기술제휴 유압기기 전문. 기술연구소 2002년 9월 설립 → 부설연구소 유. (사람인 일부 페이지의 3,548억은 추정·빅데이터값으로 보여 2,447억 채택)",CSV 고용 72명은 국민연금 일부치로 보이며 실제 약 179명. 매출규모상 건설기계 유압 핵심 수요기업.
이사사,한국건설기계연구원,http://www.koceti.re.kr,전북 군산시,전북특별자치도 군산시 산단로,기타 공학 연구개발업,107,,,건설기계 시험인증·연구개발(R&D) 기관 — 기타 공학 연구개발업,유,국민연금('26.5) ｜ [조사] koceti.re.kr. 영리 수요기업이 아닌 건설기계 전문 연구개발·인증기관(기관 자체가 연구원). 매출 개념 부적용(공개 매출 없음). CSV '107'은 매출이 아니라 국민연금 가입 인원(직원수).,수요기업이 아닌 협회 이사사·전문연구기관. 기관 성격상 매출 공란 처리.
이사사,건영테크(주),http://WWW.KUNYOUNGTECH.COM,경남 창원시,경상남도 창원시 성산구 완암로,금속 절삭기계 제조업,86,314,2022,"건설기계 출입문 잠금장치(국내 1위)·연료캡/우레아캡, 중장비용 절삭가공 부품·내외장 서브어셈블리",불명,"국민연금('26.5) ｜ [조사] 매출: 경남도민일보/knnews(2019년 180억→2022년 314억), 캐치(catch.co.kr/486880); 홈페이지(kunyoungtech.com) 인증서 만료로 연구소 확인 불가","확인요(동명 3법인) ｜ 동명 3법인 중 창원 성산구 절삭가공 법인으로 매칭(고용 86명, 매출규모 일치). 홈페이지 접속 불가로 부설연구소 불명."
이사사,(주)건화,http://www.kunhwamc.com,경남 거제시,경상남도 거제시 연초면 연하해안로,선박 구성 부분품 제조업,111,3204,2023,"선박 구성부품(선수미블록·거구주·철의장재·초대형 조선블록), 건설기계용 제관부품(볼보·HD현대건설기계·두산인프라코어 협력)",불명,"국민연금('26.5) ｜ [조사] 매출: 사람인(saramin.co.kr, csn .../건화) 3,204억8,481만원·직원 107명; 제품: kunhwamc.com 회사소개. 홈페이지 SSL 인증서 오류로 연구소 메뉴 확인 불가","확인요(동명 2법인,상호 짧음) ｜ 거제 연초면 선박부품 법인으로 매칭(고용 111≈107). 일부 검색은 4,126억(2023, 연결 추정)도 표기하나 사람인 단독 표기값 채택."
이사사,대창단조(주),http://www.dcf.co.kr,경남 김해시,경상남도 김해시 생림면 봉림로,금속 단조제품 제조업,78,3222,2024,"단조 가공품(크랭크샤프트·트랙링크 조립체·커넥팅로드·중장비 롤러류), 자동차·중장비용 단조부품",유,"국민연금('26.5) ｜ [조사] 매출: 코스피 상장(A015230) 홈페이지 재무정보(dcf.co.kr/kr/financial.php) 2024년 3,222억; 연구소: 디지털김해문화대전·위키 '기업부설 DCF기술연구소(2004 설립)'",코스피 상장사. 홈페이지 dcf.co.kr 일부 페이지 404이나 재무/문화대전 자료로 확인.
이사사,동해기계(주),http://www.donghae.co.kr,경남 함안군,경상남도 함안군 칠서면 공단서길,그 외 자동차용 신품 부품 제조업,110,,,"굴착기 등 중장비 부품(붐·암·버킷·블레이드·프레임·아웃트리거), 플랜트 솔루션(압력용기·열교환기·저장탱크)",유,"국민연금('26.5) ｜ [조사] 제품·연구소: 홈페이지(donghae.co.kr/ko, 기술연구소 보유)·komachine.com(Technology Research Institute, CAT·Volvo·HD현대 Tier1). 비상장 비외감으로 공개 매출 없음(나이스/사람인 미공개)",함안 칠서면 중장비부품 법인. 동명의 '동해산업·동해기계항공(dhcrane)'과 별개 — 혼동 주의. 공개 매출 미확인.
이사사,(주)디컴,,경기 화성시,경기도 화성시 만세구 송산면 송산포도로307번길,상품 종합 도매업,26,153,2023,두산인프라코어(HD현대인프라코어) 1차 협력 엔진부품 가공(con-rod assy·cyl-head 등 중장비/엔진 부품),불명,국민연금('26.5) ｜ [조사] 매출: 사람인(saramin .../디컴) 2023년 153억900만원·직원 28명; 잡코리아/인크루트. 홈페이지 없음(CSV 공란)으로 부설연구소 확인 불가,확인요(상호 짧음) ｜ 화성 송산면 법인으로 매칭(고용 26≈28). 도매업 분류이나 실제 엔진부품 가공 협력사. 홈페이지 부재로 연구소 불명.
이사사,두산모트롤(주),http://www.doosanmottrol.com/kr,경남 창원시,경상남도 창원시 성산구 완암로,유압 기기 제조업,205,1553,2024,"건설/산업기계용 유압기기(굴착기·크롤러크레인·크라샤·지게차·트랙터용 유압 구성품), E-drive(미래사업)",불명,"국민연금('26.5) ｜ [조사] 매출: 인크루트/나이스비즈인포(QP3250) 별도 2024년 1,553억4,303만원(연결 약 2,095억); 제품: doosanmottrol.com/kr. 홈페이지 R&D 메뉴 접근 불가로 연구소 표기 미확인","2024년 두산밥캣이 2,460억에 재인수해 두산모트롤 재출범. 별도 1,553억/연결 2,095억. 홈페이지상 연구소 명시 미확인으로 불명."
이사사,(주)삼우테크,http://www.sw-tc.com,인천 남동구,인천광역시 남동구 남동서로,그 외 자동차용 신품 부품 제조업,26,223,2025,건설중장비(굴삭기/지게차)용 트랙스프링 등 언더캐리지 부품,불명,"국민연금('26.5) ｜ [조사] 잡코리아/사람인/비즈OK(bizok.incheon.go.kr ofc_key=1847): 인천 남동구, 트랙스프링, 2025 매출 223억(전년比+16%), 종업원 약39~50명. 홈페이지 sw-tc.com 인증서 오류로 연구소 표기 미확인",확인요(동명 8법인) ｜ 동명 8법인 중 인천 남동구 트랙스프링(중장비 언더캐리지) 제조사로 매칭 — 협회 회원사 업종 부합
이사사,선진정공(주),http://www.sunjin21.co.kr,충남 당진시,충청남도 당진시 신평면 신평길,산업용 냉장 및 냉동장비 제조업,144,871,2023,"굴삭기·휠로더 부품 및 휠굴삭기/휠로더 완제품 조립생산(계열: 특장차, 건설중장비용 감속기)",무,"국민연금('26.5) ｜ [조사] 사람인/잡코리아/캐치(CC1660): 충남 당진, 2023 매출 871억. 홈페이지 sunjin21.co.kr: 굴삭기·휠로더 부품/완제품 명시, 부설연구소 표기 없음(선진파워테크 자체 연구개발 언급뿐)",확인요(동명 3법인) ｜ 상용차신문(cvinfo.com) 보도상 부도·기업회생절차 착수 이력 있음 — 매출 변동 가능성
이사사,(주)성보,http://www.sbic.co.kr,인천 서구,인천광역시 서구 장고개로,그 외 자동차용 신품 부품 제조업,127,651,2024,"굴삭기용 내마모·내충격 특수주물(언더캐리지 스프라켓, 투스 등) 건설중장비 주물부품",불명,"국민연금('26.5) ｜ [조사] 사람인/캐치(389650)/원티드/나이스비즈인포: 인천 서구 장고개로, 매출 약651억, 종업원125명, 업력29년. 사명은 성보공업(주)(homepage sbic.co.kr 동일). 홈페이지 자가서명 인증서 오류로 연구소 표기 미확인","확인요(동명 6법인,상호 짧음) ｜ CSV (주)성보 = 성보공업(주), 홈페이지 sbic.co.kr 일치. 동명 6법인 중 인천 서구 건설중장비 주물사로 매칭"
이사사,성원하이드로릭스(주),http://www.sungwonhyd.com,경기 안산시,경기도 안산시 단원구 능안로,금속 문  창  셔터 및 관련제품 제조업,56,210,2024,건설중장비용 유압실린더·유압파이프·탱크(두산인프라코어/HD현대 1차 협력사),불명,"국민연금('26.5) ｜ [조사] 잡코리아/캐치(279267): 경기 안산 단원구, 2024 매출 약209.5억(전년比-10%). 홈페이지 sungwonhyd.com 자가서명 인증서 오류로 연구소 표기 미확인",잡플래닛의 2013년 160억은 과거치 — 최신은 2024 약210억 채택
이사사,(주)수산세보틱스,https://soosancebotics.com/,경기 화성시,경기도 화성시 만세구 양감면 정문송산로,건설 및 채광용 기계장비 제조업,136,2294,2025,"유압브레이커 등 굴착기 어태치먼트, 크레인·유압드릴·벌크트레일러 등 특수장비",불명,"국민연금('26.5) ｜ [조사] FnGuide(A017550)/사람인: 경기 화성, 연결매출 2024 1,979억→2025 2,294억(+16%). 코스피 상장사(017550). 홈페이지 soosancebotics.com에 연구소 명시 미확인","구 수산중공업, 상장사라 연결매출 기준 신뢰도 높음"
이사사,(주)신라정밀,http://www.shillacorp.co.kr,충남 천안시,충청남도 천안시 동남구 수신면 수신로,기어 및 동력전달장치 제조업,194,748,2024,"기어·동력전달장치, 굴착기/크레인/풍력용 슬루잉 베어링(선회베어링), 풀리 등",불명,"국민연금('26.5) ｜ [조사] 인크루트/잡코리아/사람인: 충남 천안 동남구 수신면, 2024 매출 748억4,356만원, 종업원220명. 홈페이지 shillacorp.co.kr 인증서 오류로 연구소 표기 미확인",확인요(동명 2법인) ｜ 동명 2법인 중 천안 수신면 기어/베어링 제조사로 매칭. 웹검색의 '760.3 billion won'은 760억 오기 — 748억(2024 실적) 채택
이사사,유한회사 신일정밀,https://shinil-brg.com/,강원 강릉시,강원특별자치도 강릉시 강변로,기어 및 동력전달장치 제조업,97,274,2025,"산업용 선회베어링(슬루잉링), 풍력발전기·해양구조물용 대형 베어링·구조부품",불명,"국민연금('26.5) ｜ [조사] 인크루트 기업정보(매출 274억9,660만/2025, 2024 236억, 2023 309억), 강원도민일보 50주년 기사. 홈페이지(shinil-brg.com) DNS 접속불가로 연구소 표기 직접확인 불가; 인크루트는 측정실 보유 언급(부설연구소 명시 아님)이라 불명 처리. https://www.incruit.com/company/4832925/","확인요(동명 2법인) ｜ 1976년 설립, 강릉 향토기업. 동명 2법인 플래그 있으나 강릉 선회베어링 제조사로 매칭 확실."
이사사,(주)에스틸,http://www.ssteel.co.kr,인천 서구,인천광역시 서구 북항로363번길,금속선 가공제품 제조업,96,,,금속선 가공제품(와이어 가공류 추정),불명,국민연금('26.5) ｜ [조사] 홈페이지(ssteel.co.kr) 인증서 오류로 접속불가. 사람인·산군 검색의 (주)에스틸은 업종이 '건설·채광용 기계장비 제조업'(매출 492억/2025)으로 CSV의 '금속선 가공제품 제조업·인천 서구'와 업종 불일치 → 동일법인 확신 불가하여 매출 공란.,확인요(상호 짧음) ｜ 비고 '상호 짧음' 플래그. 인천 서구 북항로·금속선가공 법인과 검색결과(건설기계장비 제조) 업종이 달라 저신뢰. 매출 미확정.
이사사,㈜오성기공,http://www.oscai.co.kr,경북 경산시,경상북도 경산시 자인면 자인공단2로4길,일반 철물 제조업,21,,,건설기계용 굴삭기 상·하부 메인프레임(건설기계 FRAME),불명,"국민연금('26.5) ｜ [조사] 홈페이지 oscai.co.kr (건설기계 FRAME 제품, 굴삭기 상·하부 MAIN FRAME 제조, 경산 자인공단). 잡코리아 42106724의 '오성기공'(매출 590억/2025, 75명)은 업종이 '산업기계(발전기)·유공압·선박부품'으로 홈페이지(건설기계 프레임)와 불일치 → 동명 2법인으로 판단해 매출 미적용.","확인요(동명 2법인) ｜ 비고 '동명 2법인' 플래그. CSV는 직원 21명·굴삭기 프레임 제조사인데, 공개 매출(590억)은 75명·산업기계/선박 법인 것이라 매칭 불가. 건설기계 프레임 법인의 매출은 미확인."
이사사,전진건설로봇(주),http://www.junjin.com,충북 음성군,충청북도 음성군 금왕읍 대금로,트레일러 및 세미 트레일러 제조업,199,1907,2025,"콘크리트 펌프카(CPC), 플레이싱붐, 스테이셔너리, 어태치먼트, 자율·원격 콘크리트 분배로봇(D-MCR)",불명,"국민연금('26.5) ｜ [조사] 네이트뉴스/더스탁(연결 매출 1,907억/2025, 전년比 +12.3%), 코스닥 상장사(079900). 홈페이지(junjin.com)에 '연구개발' 메뉴는 있으나 부설연구소·기술연구소 명칭 명시 없어 불명 처리. https://www.junjin.com/","콘크리트펌프카 국내 점유율 1위, 매출 대부분 해외(북미46%). 상장사라 매출 신뢰 높음."
이사사,(주)제트에프코리아,http://aftermarket.zf.com,인천 부평구,인천광역시 부평구 평천로,건설 및 채광용 기계장비 제조업,39,606,2024,ZF그룹 애프터마켓 부품(승용·트럭·버스·건설장비·선박·산업기계용) 국내 유통,무,"국민연금('26.5) ｜ [조사] 사람인 기업정보(매출 606억6,913만/2024, 42명), 잡코리아(409억은 과거연도). 독일 ZF그룹 한국 애프터마켓 유통 자회사(1990 설립). 유통·서비스 법인으로 부설연구소 없음. https://www.saramin.co.kr/zf_user/company-info/view/csn/NGJ3L3ZvVnFPbEZMNjNLVVowVnJpZz09",건설장비 부품 애프터마켓 유통. 제조 아닌 유통법인이라 연구소 무.
이사사,천일테크윈(주),http://www.chuniltechwin.com,인천 동구,인천광역시 동구 화도진로,트레일러 및 세미 트레일러 제조업,63,236,2024,"트레일러·세미트레일러, 차량부속(특장 차량부품)",불명,"국민연금('26.5) ｜ [조사] 사람인/잡코리아 기업정보(매출 236억6,807만, 71명). 인천 동구 화도진로 소재, 1989년 설립. 홈페이지(chuniltechwin.com) 연구소 표기 미확인이라 불명. https://www.jobkorea.co.kr/recruit/co_read/c/chun1001",트레일러·세미트레일러 제조. 매출 연도는 최신 공개기준(2024 추정).
이사사,(주)태원인더스트리,http://www.taewonltd.com,인천 남동구,인천광역시 남동구 능허대로577번길,유압 기기 제조업,24,79,2024,건설기계(굴삭기·지게차)용 유압호스 어셈블리 조립·납품 (두산인프라코어 협력사),불명,국민연금('26.5) ｜ [조사] 매출: saramin 2024 재무정보 79억; 제품: 잡코리아/bizno; 홈페이지(taewonltd.com) 접속불가로 연구소 여부 불명,"홈페이지 ECONNREFUSED, 직원 24~29명 소기업"
이사사,(주)태화정공,http://www.tpi.co.kr,충남 당진시,충청남도 당진시 송악읍 조비실길,그 외 자동차용 신품 부품 제조업,52,458,2024,"굴삭기·농기계 운전실(캐빈), 대형지게차 OEM, 건설중장비용 정밀 제관모듈 부품",유,"국민연금('26.5) ｜ [조사] 매출: saramin 국민연금기준 457.9억(직원 51명과 일치, 기업자체입력 630억은 별도); 제품·연구소: 홈페이지 taehwa21.com(부설연구소 1999.2 설립)",확인요(동명 2법인) ｜ CSV의 tpi.co.kr 홈페이지는 오기(실제 taehwa21.com). 동명 2법인 중 당진 캐빈 제조사로 확정
이사사,(주)테스크,http://tesk.co.kr/html/,경북 김천시,경상북도 김천시 어모면 산업단지로,그 외 자동차용 신품 부품 제조업,50,387,2024,"차량용 매연저감장치(DPF 등) 배기계 부품, 금속압형제품, 농업용기계",유,"국민연금('26.5) ｜ [조사] 매출: saramin 387.8억(2024); 제품·연구소: 새김천신문 기업탐방(기업부설연구소·벤처·뿌리기술전문기업, 특허 23건). 2023년 매출 약420억","확인요(상호 짧음) ｜ 영문 Total Emission Solution Korea, 김천 어모면 확정"
이사사,(주)티시테크,http://www.tctech.co.kr,,,,,428,,"굴삭기·휠로더 등 건설중장비 완제품 및 부품, 후판교정기 등 철강가공설비, 용접·핸들링 자동화로봇",불명,"[조사] 사람인(매출 428억, 최신 기준·연도 미표기)·코머신(제품)·본사 경북 포항 남구 대송면. 홈페이지 tctech.co.kr 인증서 오류 미접속",국민연금 미매칭 ｜ 코머신상 연구소 표기 없음
이사사,(주)파카하니핀커넥터,http://www.parker.com/korea,경남 양산시,경상남도 양산시 유산공단4길,기타 화학 물질 및 화학제품 도매업,231,1353,2024,유압호스·호스피팅·튜브피팅·퀵커플러 등 유압 커넥터/피팅(건설중장비·조선해양 부품),불명,"국민연금('26.5) ｜ [조사] 매출: saramin 1,352억9,273만원; 제품: 잡코리아·디지털양산문화대전(Parker Hannifin Connectors, 1986 설립, 부산 제2공장). 홈페이지 parker.com 글로벌로 한국법인 연구소 표기 미확인",양산 소재 파카코리아 3개 법인 중 커넥터 법인. 직원 246명
이사사,(주)파카한일유압,http://www.parker.com,경기 시흥시,경기도 시흥시 공단1대로195번길,유압 기기 제조업,57,270,2025,"유압밸브·유압펌프 제조·도매(모바일 유압 솔루션, Parker Mobile Control Division Asia)",불명,국민연금('26.5) ｜ [조사] 매출: 잡코리아 269.7억(2025.6.30 회계연도 결산); 제품: parker.com 재무제표·코머신. 홈페이지 글로벌 사이트로 연구소 표기 미확인,"시흥 시화공단, 1976설립 구 한일유압→2005 파카한일유압. 직원 57명"
이사사,(주)프리엠스,http://www.freems.co.kr,경기 부천시,경기도 부천시 오정구 삼작로178번길,컴퓨터 제조업,35,231,2025,"중장비 전장품(컨트롤러 등), 네트워크 장비·금융단말기 EMS 제조",유,"국민연금('26.5) ｜ [조사] fnguide 재무(A053160, 2025/12 231억, 2024 177억), 부설연구소: 사람인 연혁 '2007.11 기업부설연구소 인정'",코스닥 상장사. 협회상 컴퓨터 제조업·고용 35명과 일치. 건설기계용 전장품 공급.
이사사,(주)한양정밀,http://www.hanyang-p.co.kr,경기 김포시,경기도 김포시 양촌읍 황금로89번길,그 외 자동차용 신품 부품 제조업,160,850,2024,"자동차 브레이크 부품(디스크·드럼·허브), 소형 굴삭기 및 굴삭기 부품·특장차 부품",불명,"국민연금('26.5) ｜ [조사] 원티드/사람인/커리어 (매출 757~850억 범위, 인원 165명) — 김포 양촌 한양정밀 일치. 홈페이지 SSL오류로 연구소 표기 미확인",출처별 매출 757억~850억 편차 있음. 협회 고용 160명과 인원 165명 일치하여 동일 법인 확정. lab 불명.
이사사,(주)해송엔지니어링,http://www.hae-song.co.kr/,충북 충주시,충청북도 충주시 주덕읍 주덕농공길,그 외 자동차용 신품 부품 제조업,67,366,2024,건설기계·자동차용 라디에이터·쿨링모듈(냉각시스템) 제조,불명,"국민연금('26.5) ｜ [조사] 사람인/잡코리아 (2024 매출 365.9억, 전년比 -25%). 홈페이지(hae-song.co.kr) SSL오류로 연구소 표기 미확인","본사 서울 성동구, 충주공장. 협회상 자동차용 신품부품·고용 67명."
이사사,(주)현대에버다임,http://www.everdigm.com,충북 진천군,충청북도 진천군 진천읍 부영길,기타 산업용 기계 및 장비 도매업,598,2896,2025,콘크리트펌프카·타워크레인·천공기·소방차·어태치먼트 등 중장비 완성차,유,"국민연금('26.5) ｜ [조사] fnguide 재무(A041440, 2025/12 2,896억, 2024 3,551억). 부설연구소: everdigm.com 회사소개 '중앙연구소·R&D센터', 연구개발인력 80여명",코스닥 상장(현대백화점그룹 계열). 수출비중 약 70%.
이사사,(주)흥국,http://www.heungkuk.net,충남 아산시,충청남도 아산시 둔포면 아산밸리로,금속 단조제품 제조업,90,1370,2025,굴착기·트랙로더용 언더캐리지 부품(트랙롤러·아이들러 등) 제조,유,"국민연금('26.5) ｜ [조사] fnguide 재무(A010240, 2025 1,370억, 2024 1,287억, 2023 1,494억). 부설연구소: heungkuk.net 'Technology Center / R&D' 섹션","확인요(상호 짧음) ｜ 코스닥 상장(010240). 아산 둔포, 볼보·현대건설기계 등 공급. 비고 '상호 짧음' 해당 — 동명 다수 중 건설기계 언더캐리지 흥국으로 확정."
감사,세안정기,http://www.e-sean.co.kr,경북 경산시,경상북도 경산시 압량읍 일연로115길,건설 및 채광용 기계장비 제조업,193,1191,2024,"현대건설기계 굴착기 OEM 조립생산, 건설·채광용 기계장비 부품",유,"국민연금('26.5) ｜ [조사] 사람인/잡코리아 (매출 1,191억, 직원 212명). 부설연구소: 세안정기 연혁 '2006.5 기업부설연구소 설립', INNOBIZ 인증","경산 압량, 현대건설기계 OEM 조립 2만대 달성. 협회 고용 193명과 근사."
일반회원사,댄포스코리아(주),https://www.danfoss.com/ko-kr/,부산 기장군,부산광역시 기장군 장안읍 의과학1로,유압 기기 제조업,164,1591,2024,"유압기기(굴삭기용 모터·조이스틱 등), 유압장치 제조·도소매 — 덴마크 Danfoss 한국 자회사",불명,"국민연금('26.5) ｜ [조사] catch.co.kr / wanted / saramin 기업정보 (2024 매출 1,591억). 홈페이지 danfoss.com 접속 불가로 부설연구소 표기 미확인",부산 기장 사업장(국민연금 164명)과 일치
정회원,(주)한국알앤드디,http://www.koreard.co.kr,경기 안산시,경기도 안산시 단원구 시화벤처로,알루미늄 주물 주조업,39,,,"자동차 파워트레인·산업용 엔진부품, 알루미늄 주조금형 설계·제작, 수소·전기차 구동부품 (홈페이지)",유,"국민연금('26.5) ｜ [조사] 홈페이지 koreard.co.kr (메뉴에 R&D센터·주요설비 명시 → 부설연구소 유). 매출액은 안산 법인(알루미늄 주물, 국민연금 39명)으로 확정 가능한 공개 수치 없음 — 초기 검색의 191억은 동명 (주)알앤알 부동산법인 수치 오인으로 제외","동명 다수, 안산 단원구 시화벤처로 법인 기준. 매출 미확인(저신뢰)"
정회원,우영산업(주),http://www.uyoungind.co.kr,경기 김포시,경기도 김포시 대곶면 대곶로,금속 절삭기계 제조업,63,294,2024,"톱기계·톱날 등 공작기계(금속 절삭기계) 제조·판매, 日 아마다(AMADA) 국내 독점 (브랜드 MAXS)",불명,"국민연금('26.5) ｜ [조사] 잡코리아 기업정보 (2024 매출 294.8억, 직원 약79명, 김포 대곶). 홈페이지 wymaxs.com — 연구소 표기 미확인","확인요(동명 4법인) ｜ 비고 '동명 4법인' — 김포 대곶 톱기계 제조법인(금속 절삭기계 제조업)으로 매칭. CSV 홈페이지 uyoungind.co.kr은 self-signed cert로 미접속, 실 운영은 wymaxs.com"
정회원,(주)대진유압기계,http://www.tecpos.com,부산 사상구,부산광역시 사상구 가야대로103번길,유압 기기 제조업,36,104,2023,"유압공구(초고압 RAM·펌프·실린더·유압펀칭기 등 200여종), 브랜드 TECPOS — 국내 유압공구 1위",유,국민연금('26.5) ｜ [조사] 홈페이지 tecpos.com 연혁(2006년 기업부설연구소 설립 명시 → 부설연구소 유). 잡코리아 기업정보 2023 매출 104억,"부산 사상구, INNO-BIZ·벤처기업 인증"
정회원,한국도요쯔건기(주),http://개설중,경기 성남시,경기도 성남시 분당구 대왕판교로,상품 종합 도매업,11,,,일본 타케우치(TAKEUCHI) 미니굴삭기·컴팩트 건설장비 수입·판매 (상품 종합 도매업) — Toyota Tsusho 출자 한국법인,무,국민연금('26.5) ｜ [조사] 홈페이지 tcek.co.kr(개설중→운영 중) / saramin·nicebizinfo 기업정보. 신설 무역법인(국민연금 11명)으로 공개 매출 수치 없음. 수입·판매 도매업으로 부설연구소 없음,"성남 분당, 매출 미공개(소규모 신설 무역법인)"
정회원,이원컴포텍(주),http://www.ewonseat.com,전북 정읍시,전북특별자치도 정읍시 첨단1로,그 외 자동차용 신품 부품 제조업,101,525,2024,"상용차·건설중장비용 에어/스프링 서스펜션 시트, 운전석 내장재 — 현대차 트럭 전차종 시트 독점공급 (코스닥 088290)",유,국민연금('26.5) ｜ [조사] WebSearch(2024 매출 약 524.9억) / fnguide·wikipedia. 코스닥 상장사. 자동차부품 전문 제조 — 기술연구소 보유,"전북 정읍, 코스닥 상장사로 DART 공시 확인 가능. 2024 연결 약 525억"
정회원,(주)지비,http://www.gbhammer.com,경북 경산시,경상북도 경산시 와촌면 갓바위로,알루미늄 주물 주조업,12,,,알루미늄 주물 주조(다이캐스팅/금속주물),불명,"국민연금('26.5) ｜ [조사] 국민연금 업종=알루미늄 주물 주조업, 12명. 홈페이지 gbhammer.com 인증서 오류로 접속 불가. 동명 2법인 주의: 검색되는 '지비' 매출(시흥 유압브레이커 125억, 서울 SW H37226)은 경산 알루미늄 주물 주조 본 법인과 다른 별개 법인으로 판단되어 매출 미적용.","확인요(동명 2법인,상호 짧음) ｜ 동명 2법인. 경북 경산 알루미늄 주물 주조업체로, 공개 매출 미확인. gbhammer.com이 굴착기 유압브레이커 브랜드와 혼재되나 CSV 업종(알루미늄 주물)과 시흥 소재 유압브레이커사(125억)는 지역·업종 불일치 → 매출 비적용(저신뢰)."
정회원,(주)원강,http://www.roadbit.com,경기 화성시,경기도 화성시 만세구 팔탄면 서해로1313번길,금속 문  창  셔터 및 관련제품 제조업,8,26,2024,"기초굴착 부품(지하연속벽 BC커터 투스/픽커터, BC CUTTER·GEAR BOX·MUD PUMP) 및 금속 문·셔터 제조",무,"국민연금('26.5) ｜ [조사] 사람인 기업정보(화성 팔탄면, 업종 금속 문·창·셔터 제조업, csn ejVK… )=매출 26억5,850만원, 직원 8명, CSV 지역·업종 일치. 제품은 roadbit.com 및 핀테크경제신문(fintechtimes.co.kr no=55279) 기사. 홈페이지 roadbit.com에 연구소/R&D센터 표기 없음.","확인요(동명 2법인,상호 짧음) ｜ 사람인상 업종은 금속 문·셔터지만 roadbit.com 브랜드로 굴착장비 부품 수출(18개국, 2024 300만불탑). 매출 26억은 화성 팔탄면 법인 기준."
정회원,한국소재(주),http://www.kob21.com,인천 남동구,인천광역시 남동구 남동동로345번길,그 외 자동차용 신품 부품 제조업,28,,,오일레스베어링·웜기어·동합금주조·캐스트부품(자동차·산업기계·중장비용),무,"국민연금('26.5) ｜ [조사] 홈페이지 kob21.com(회사개요)=오일레스베어링·웜기어·동합금주조, 인천 남동구, 28명. 홈페이지에 연구소/기업부설연구소 명시 없음('지속적 연구개발' 표현만). 동명 주의: 검색된 '한국소재' 매출 48억(전남 곡성, 특수시멘트, jobkorea sojae1270)은 별개 법인이라 미적용.",동명 법인 다수. 인천 남동구 자동차부품(오일레스베어링) 법인의 공개 매출 미확인.
정회원,(주)디씨엠건기,http://www.dcm24.kr,경북 상주시,경상북도 상주시 경상대로,BIZ_NO미존재사업장,19,127,2024,건설기계(히타치건기 한국 공식딜러) 판매·임대·수출입(굴착기·휠로더·소형건설장비),불명,"국민연금('26.5) ｜ [조사] 사람인 기업정보(경북 상주, csn R0JR…)=매출 127억6,281만원(2025 표기, 2024 결산 기준), 직원 18명, CSV 지역 일치. 히타치건설기계 한국 공식수입원. 홈페이지 dcm24.kr 연구소 표기 미확인.",제조보다 건설기계 도소매·임대 중심(딜러).
정회원,(주)신세계파워큅,http://www.powerquip.co.kr,경기 시흥시,경기도 시흥시 공단1대로195번길,BIZ_NO미존재사업장,3,,,기초건설기계 - 유압 파일해머·바이브로해머(BRUCE) 제조·수출,무,"국민연금('26.5) ｜ [조사] 홈페이지 powerquip.co.kr(회사소개)=BRUCE 유압파일해머·바이브로해머, 시흥 정왕동, 3명. 홈페이지에 연구소/R&D센터 표기 없음. 신세계중기계와 동일 브랜드 운영. 별도 공개 매출 미확인(안산 신세계중공업 11억은 별개 법인).","직원 3명 수출/판매 법인(BIZ_NO미존재). 신세계중기계 그룹과 BRUCE 브랜드 공유, 단독 매출 비공개."
정회원,아트라스콥코코리아(주),http://www.atlascopco.co.kr,경기 성남시,경기도 성남시 분당구 판교역로192번길,그 외 기타 기계 및 장비 도매업,403,3500,2024,산업용 압축기·진공장비·공압공구·착암기 등 광산·건설·산업장비 도매(Atlas Copco 한국법인),불명,"국민연금('26.5) ｜ [조사] WebSearch(catch.co.kr/391166, 잡코리아·사람인)=2024년 매출 약 3,500억원(직원 약 350~403명). 글로벌 Atlas Copco 한국 판매법인. 홈페이지 atlascopco.co.kr 접속 불가(도메인 미해석)로 연구소 표기 확인 불가.","다국적 기업 한국 판매법인. 매출 규모는 출처별 3,500억(2024)~3,864억(2025) 보고."
정회원,(주)디에이치티,http://www.idht.co.kr,경북 경주시,경상북도 경주시 외동읍 문산공단길,그 외 자동차용 신품 부품 제조업,17,,,자동차용 신품 부품 제조 (경주 외동 문산공단),불명,"국민연금('26.5) ｜ [조사] 국민연금 가입 17명(소기업). 홈페이지 http://www.idht.co.kr 는 (주)대한초경산업사(경기 안성, 콘크리트펌프카부품·초경합금)로 연결되어 CSV의 경주 외동 디에이치티와 불일치. 인크루트상 디에이치티(주)도 경기 안성 13명으로 검색됨(동명 2법인). 경주 외동 자동차부품 디에이치티의 공개 매출 미확인 → 비상장 소기업, 매출 미공개",확인요(동명 2법인) ｜ 동명 2법인. 홈페이지(idht.co.kr=대한초경산업사/안성)가 CSV의 경주 법인과 불일치. 매출 확인 불가 (저신뢰)
정회원,대전기계공업(주),http://www.daijeonsa.co.kr,경기 평택시,경기도 평택시 수월암4길,전동기 및 발전기 제조업,17,356,2023,건설·산업·레저기기 수입판매 (히타치·덴요·가와사키·사카이 발전기·도로건설기기·엔진·진동모터),무,"국민연금('26.5) ｜ [조사] 매출: 웹검색(사람인/잡코리아/쿠키딜) 2021년 330억, 2023년 약 356억. 제품: 홈페이지 http://www.daijeonsa.co.kr (건설기기 사카이, 산업기기 덴요발전기·가와사키엔진, 레저). 연구소: 홈페이지에 부설연구소/R&D센터 명시 없음","1974년 설립, 일본 건설·산업기기 국내 독점공급 중견기업"
정회원,캐터필라아시아리미티드한국지점,http://www.cat.com,,,,,,,건설중장비(굴착기·휠로더 등) 글로벌 브랜드 한국지점,불명,[조사] 외국계(미국 Caterpillar)의 아시아리미티드 한국지점. 국민연금 미매칭(CSV 비고). 외국법인 한국지점으로 별도 국내 매출 공시 없음 → 매출 미공개,"국민연금 미매칭 ｜ 외국법인 지점, 별도 매출 비공개"
정회원,(주)엘지에너지솔루션,http://www.lgensol.com,서울 영등포구,서울특별시 영등포구 여의대로,축전지 제조업,12904,256196,2024,이차전지(전기차·ESS·소형 배터리) 제조,유,"국민연금('26.5) ｜ [조사] 매출: 2024년 연결 25조6196억원 (LG에너지솔루션 2024 연간 실적발표, inside.lgensol.com / lg.co.kr 보도자료). 연구소: 다수 R&D센터·연구개발조직 운영(상장사 KOSPI 373220)","KOSPI 상장사(373220), 국민연금 12,904명"
정회원,(주)서진정공,http://www.seojin21.co.kr,대구 달서구,대구광역시 달서구 성서로,그 외 자동차용 신품 부품 제조업,51,,,유압밸브·모듈러밸브·SF6 가스밸브·베이스플레이트 등 밸브/정밀가공 부품 (대구 달서구),불명,"국민연금('26.5) ｜ [조사] 제품: 홈페이지 http://www.seojin21.co.kr (SF6 Gas Valve, Base Plate, Hydraulic Valve, Modular Valve) 및 웹검색. 매출: 동명 4법인(대구 달서구·경남 창원·경기 화성·부산)으로 분산되어 대구 달서구 법인 매출 특정 불가. 참고로 유사업종 (주)서진정공(창원, 밸브/중장비부품, 49명)은 캐치/사람인상 약 171억(2026 기준)이나 지역 불일치",확인요(동명 4법인) ｜ 동명 4법인. CSV 대구 달서구 법인(seojin21.co.kr)의 매출 특정 불가 (저신뢰)
정회원,㈜디텍,http://d-teg.com,광주 북구,광주광역시 북구 첨단벤처로16번길,기타 비철금속 제련  정련 및 합금 제조업,19,,,기타 비철금속 제련·정련 및 합금 제조 (광주 북구 첨단),불명,"국민연금('26.5) ｜ [조사] CSV 업종=비철금속 합금 제조, 광주 북구 첨단, 19명. 홈페이지 d-teg.com 및 캐치(catch.co.kr/Comp/CompInfo/454763, 2024 매출 509억)는 차량용 CCTV·텔레매틱스 (주)디텍으로 비철금속 제조 법인과 불일치. 동명 3법인·상호 짧아 광주 비철금속 디텍 매출 특정 불가 → 매출 미확인","확인요(동명 3법인,상호 짧음) ｜ 동명 3법인. 홈페이지/캐치가 차량용 CCTV 디텍이라 CSV 비철금속 법인과 불일치. 매출 확인 불가 (저신뢰)"
정회원,코멕스전자,http://www.komexelc.com,인천 남동구,인천광역시 남동구 호구포로120번길,기타 반도체 소자 제조업,9,33,2026,굴삭기 컨트롤러·전자제어식 모니터판넬·자이로센서·백업알람 등 건설중장비 전자제어 부품,불명,"국민연금('26.5) ｜ [조사] saramin 빅데이터 매출 추정(약 32.9억, 2026 조회기준); 홈페이지 komexelc.com 제품설명. 홈페이지에 연구소 표기 확인 안됨",협회 업종은 반도체 소자로 표기되나 실제는 건설중장비 전자제어부품 제조(두산인프라코어·현대중공업 등 납품). 직원 9명
정회원,(주)엘렉트,http://www.ellect.co.kr,부산 해운대구,부산광역시 해운대구 센텀동로,그 외 기타 기계 및 장비 도매업,14,,,건설기계 전동화 모듈 플랫폼·원격제어·로보틱스 솔루션,불명,국민연금('26.5) ｜ [조사] 홈페이지 ellect.co.kr(전동화·로보틱스); 머니투데이('26.6.2) 시리즈A 37억 유치. 2023년 볼보건설기계 연구소 출신 설립 딥테크 스타트업으로 공개 매출 없음,확인요(상호 짧음) ｜ 초기 스타트업이라 매출 미공개(투자유치 단계). 홈페이지에 부설연구소 표기는 없음
정회원,한국물류시스템(주),http://www.km21.com,충남 아산시,충청남도 아산시 영인면 신봉길,산업용 트럭 및 적재기 제조업,13,67,2026,"지게차·리프트 등 물류장비 판매/렌탈/수리, 자동화기계·환경기기",불명,"국민연금('26.5) ｜ [조사] saramin 빅데이터 매출 추정(약 67.2억, 2026 조회기준); 홈페이지 km21.com/kms21.com. 연구소 표기 미확인",직원 12명. 산업용 트럭·적재기(지게차) 분야
정회원,코리아머신(주),http://www.komac.co.kr,서울 영등포구,서울특별시 영등포구 국회대로76길,건설ㆍ광업용 기계 및 장비 도매업,4,44,2024,유압브레이커·어태치먼트·굴착기·휠로더·발전기·콘크리트펌프카 등 건설중장비 수입판매(어태치먼트 강점),불명,국민연금('26.5) ｜ [조사] incruit(NICE평가정보 출처) 2024 매출 43.7억(2023 42.6억/2022 39.7억); 홈페이지 komac.co.kr 제품. 조직도상 연구소 확인 불가,건설·광업용 기계 도매업. 직원 약 13명
정회원,㈜에이치씨엠코리아,http://www.xcmgkorea.com,서울 종로구,서울특별시 종로구 자하문로,섬유  의복  신발 및 가죽제품 중개업 / 목재 및 건축,7,,,XCMG 건설기계(지게차·굴착장비·고소작업대) 수입판매 한국 총판,불명,"국민연금('26.5) ｜ [조사] 홈페이지 xcmgkorea.com(지게차·굴착·고소작업대 수입판매). 공개 매출자료 미확인, 홈페이지에 연구소 표기 없음",중국 XCMG 국내 판매법인(수입판매업). 동명 '에이치씨엠(주)' 시설관리업과 별개. 직원 7명
정회원,창신인터내셔날(주),http://www.okcsi.com,울산 울주군,울산광역시 울주군 청량읍 처용산업4길,건설 및 채광용 기계장비 제조업,4,21,2024,DTH(다운더홀) 천공장비·해머·비트 등 채광·건설용 천공장비 제조 및 수출,불명,국민연금('26.5) ｜ [조사] WebSearch 기업정보 매출 약 20.7억; 홈페이지 okcsi.com(DTH 장비 제조·종합솔루션). 홈페이지에 연구소 표기 미확인,울산 울주 소재 DTH 천공장비 전문 제조·수출. 직원 약 4명
정회원,에이치에스베어링 주식회사,http://www.hsbrg.com,인천 계양구,인천광역시 계양구 서운산단로2길,그 외 자동차용 신품 부품 제조업,13,36,2022,지게차 마스트용·굴착기용·구면 미끄럼 등 산업용 특수 베어링,불명,"국민연금('26.5) ｜ [조사] 매출액 36억(2022)·사원 약20명 - saramin(에이치에스베어링 기업정보). 주요제품 hsbrg.com. 홈페이지 self-signed cert로 직접확인 불가, 연구소 표기 미확인","인천 계양 소재. www.hsbrg.com SSL 오류, hsbrg.com 일부 페이지 존재"
정회원,(주)대진에이치에스,http://www.djhs.co.kr,경남 양산시,경상남도 양산시 상북면 석계산단4길,유압 기기 제조업,15,,,유압기기(유압실린더 등) 제조,불명,"국민연금('26.5) ｜ [조사] 비상장 소기업(양산, 국민연금 15명), 공개 매출 미확인. 동명 유사사 '대진유압기계'(부산/사상, 100억)와 별개 법인이라 혼동 주의. djhs.co.kr self-signed cert로 직접확인 불가","대진유압기계(부산)와 혼동 금지 — 양산 소재 별도 법인, 매출 저신뢰"
정회원,두산밥캣코리아(주),http://www.bobcat.com/kr,인천 동구,인천광역시 동구 인중로,산업용 로봇 제조업,680,14911,2024,소형 건설장비(스키드스티어로더·콤팩트트랙로더 등)·산업용 로봇,불명,"국민연금('26.5) ｜ [조사] 매출액 1조4,911억(2024) - saramin 두산밥캣코리아(주) 재무정보. 인천 동구(만석동) 생산법인",상장 두산밥캣(241560)의 국내 생산자회사
정회원,HD현대사이트솔루션(주),http://www.hyundai-genuine.com,,,,,37381,2024,건설기계·산업차량(지게차·스키드로더) 사업 총괄 중간지주,불명,"[조사] 매출 약3조7,381억(2024 연결, 전년比 -10.12%) - 뉴스(대한건설경제 등). HD건설기계·산업차량 합산 기준이라 지주 단독 매출과 차이 가능, 저신뢰",국민연금 미매칭 ｜ 국민연금 미매칭(지역·주소 공란). 2024 매출치는 자회사 합산 기준이라 검증 필요
정회원,(주)틸트프로,http://www.tiltpro.co.kr,경기 화성시,경기도 화성시 동탄구 동탄산단6길,건설 및 채광용 기계장비 제조업,45,166,2023,굴착기용 어태치먼트(틸트로테이터·퀵커플러 등),불명,"국민연금('26.5) ｜ [조사] 매출 약166억(2023, 전년 83억의 2배+) - 포브스코리아/시장경제 등 뉴스. 화성 본사+음성 생산, 2023 산자부장관상 수상",2023 수치는 언론 '전년比 2배+' 서술 기반 추정치
정회원,(주)모텍,https://motek-incorporated.wixsite.com/home,경남 양산시,경상남도 양산시 소주공단2길,그 외 자동차용 신품 부품 제조업,16,196,2023,"자동차부품(딥드로잉 프레스·금형, 연료공급·변속·브레이크 부품)",유,"국민연금('26.5) ｜ [조사] 매출 196.45억(2023) - saramin 모텍(주) 기업정보(양산, 25명). 기업부설연구소 2003년 인정 - 잡코리아/saramin 연혁","확인요(상호 짧음) ｜ CSV 비고 '상호 짧음' 확인 — 양산 소재 모텍(주) 맞음. 홈페이지 wix, 다른 '모텍코리아/모텍스'와 구분"
정회원,(주)두두인터내셔널,http://www.dodoint.co.kr,서울 송파구,서울특별시 송파구 올림픽로,건설ㆍ광업용 기계 및 장비 도매업,13,370,2024,타워크레인·고소작업차·지게차 등 건설중장비 매매·무역·시공컨설팅(ZOOMLION 등 수입공급),불명,"국민연금('26.5) ｜ [조사] 잡코리아(매출액 370억, 19명), 사람인, 동아일보 2025.06 기사. 홈페이지(dodoint.co.kr) 인증서 오류로 직접 확인 불가·연구소 메뉴 미확인",건설장비 도매·무역업체(제조 아님)
정회원,(주)지에스코,http://www.gskor.kr,경기 고양시,경기도 고양시 일산동구 진밭로,일반용 도료 및 관련제품 제조업,6,,,"일반용 도료 및 관련제품 제조(건축재료), 특허보유기업",불명,"국민연금('26.5) ｜ [조사] nicebizinfo(kiscode I20062, 일반용 도료 제조·특허보유기업), moneypin, 사람인. 직원 8~9명 소기업으로 공개 매출 없음. 홈페이지(gskor.kr) 인증서 오류로 확인 불가","직원 8~9명 영세 제조사, 공개 매출 미확인"
일반회원사,에스엘티이,http://shillatech.com/,울산 울주군,울산광역시 울주군 언양읍 반천산업로,그 외 자동차용 신품 부품 제조업,37,77,2025,포크레인·지게차·불도저 등 건설중장비/조선 부품 레이저절단·절곡·제관·도장(현대중공업 1차 협력사),불명,"국민연금('26.5) ｜ [조사] 잡코리아(매출 77억6천만원·44명·2025.12.31), 인크루트(77억6,327만원 2025). 홈페이지(shillatech.com) 인증서 만료로 연구소 메뉴 확인 불가",
정회원,㈜정우산업,http://jung-woo.co.kr,울산 동구,울산광역시 동구 방어진순환도로,금속 문  창  셔터 및 관련제품 제조업,70,,,금속 문·창·셔터 및 관련제품 제조(방화/전동셔터 등),불명,"국민연금('26.5) ｜ [조사] nicebizinfo(kiscode JP5862: 울산 동구 방어진순환도로, 금속 문·창·셔터 제조업 C25111, 설립 2019.05.29) 매출 유료보고서로 비공개. 홈페이지(jung-woo.co.kr) DNS 미해결",확인요(동명 10법인) ｜ 동명 다수법인 중 울산 동구 셔터 제조사로 지역·업종 매칭. 굴착기부품 정우산업(jwfc·전북 소재)과는 별개. 공개 매출 없음
정회원,강토중공업,http://www.kangto.com,경기 화성시,경기도 화성시 만세구 남양읍 남양로,건설 및 채광용 기계장비 제조업,6,39,2022,굴삭기용 유압 퀵커플러(국내 최초 독자개발)·각종 굴삭기 어태치먼트 제조(OEM/ODM),불명,"국민연금('26.5) ｜ [조사] 잡코리아·인크루트(매출 39.2억 2022.12, 14명), komachine 기업소개. 홈페이지(kangto.com) 인증서 불일치로 연구소 표기 직접 확인 불가",어태치먼트 제조 기업부설연구소 연구원 채용공고 정황 있으나 홈페이지 명시 미확인으로 불명 처리
정회원,명성공업,http://www.msi.co.kr,경북 경주시,경상북도 경주시 외동읍 문산공단길,그 외 자동차용 신품 부품 제조업,108,347,2025,"자동차 차체부품 및 건설중장비 부품 제조(TM·DA·SA 등), 중국 단독법인 보유",불명,"국민연금('26.5) ｜ [조사] 캐치(매출 347억·106명·2025.12), 사람인(347억1,310만원), 잡코리아·잡플래닛. 홈페이지(msi.co.kr) DNS 미해결로 연구소 메뉴 확인 불가",확인요(동명 2법인) ｜ 동명 2법인 중 경주 외동 문산공단 자동차·중장비부품 제조사로 매칭(고용 108명과 일치)
정회원,우영유압,http://www.wy.co.kr,인천 남동구,인천광역시 남동구 능허대로577번길,유압 기기 제조업,78,328,2024,유압실린더(지게차·굴삭기·스키드로더용 붐/암/버킷/틸트 실린더),유,"국민연금('26.5) ｜ [조사] 홈페이지(wy.co.kr) R&D center 언급, 매출 사람인 2024년 328억(2023년 421억)","인천 남동구 유압기기 제조, 종업원 약 110명으로 동명 확인됨"
정회원,정도산업,http://jeongdo.co.kr,경기 파주시,경기도 파주시 파주읍 돈유1로,금속 문  창  셔터 및 관련제품 제조업,35,361,2024,"도로안전시설물(가드레일·방호울타리), 금속창호·셔터, 태양광 구조물",불명,"국민연금('26.5) ｜ [조사] 사람인/잡코리아 2024년 매출 361억, 홈페이지 jdind.co.kr(연구소 명시 미확인)",확인요(동명 8법인) ｜ 동명 8법인 중 경기 파주 정도산업(주) 매칭(jdind.co.kr)
정회원,진웅엠피아,http://www.jinwoongmpia.com,세종 연동면,세종특별자치시  연동면 원합강1길,분말 야금제품 제조업,28,,,분말야금 소결부품(건설·기계장비용 소결 금속부품),불명,"국민연금('26.5) ｜ [조사] NICEbizinfo/캐치 kiscode 194922, 홈페이지 접속불가(ECONNREFUSED). 비외감 중소기업으로 공개 매출 없음","세종 연동면, 2001년 설립, 종업원 약 31명. 계열사 (주)진웅과 별개"
정회원,필엔지니어링,http://www.feeleng.com/,경기 부천시,경기도 부천시 오정구 석천로,주형 및 금형 제조업,29,,,"유압브레이커(X·TOP 시리즈), 락드릴(EX-DRILL), 터널링 장비",불명,"국민연금('26.5) ｜ [조사] 홈페이지 feeleng.com(제품 확인, 연구소 명시 없음). 비공개 매출(공개 재무 없음)",확인요(동명 2법인) ｜ 동명 2법인 중 경기 부천 Feel Engineering 매칭. CSV업종(주형/금형)과 달리 건설기계 어태치먼트 제조
정회원,코막중공업,http://www.komac.co.kr,,,,,63,2023,"유압브레이커, 퀵커플러, 미니굴착기, 휠로더, 건설기계 어태치먼트",불명,"[조사] 캐치/사람인 매출 62.8억(2023), 홈페이지 komac.co.kr(연구소 명시 미확인)",국민연금 미매칭 ｜ 경기 화성 소재. 국민연금 미매칭 행이나 KOMAC(코리아머신) 동일법인 확인
정회원,건우기계,http://www.kunwoo-mc.co.kr,대구 달성군,대구광역시 달성군 구지면 국가산단서로71길,분말 야금제품 제조업,4,,,분말야금 소결부품(자동차·건설기계용 소결 금속부품),불명,"국민연금('26.5) ｜ [조사] 홈페이지 kunwoo-mc.co.kr(SSL 인증서 불일치로 접속불가), 공개 매출 자료 없음","대구 달성군 구지면 4인 소기업, 비외감으로 매출 비공개. 동명 다수(건우산업/건우 등)와 구분"
정회원,광영산업,,경기 화성시,경기도 화성시 효행구 봉담읍 시냇말길,금속 절삭기계 제조업,21,,,금속 절삭가공(절삭기계 부품 가공),불명,"국민연금('26.5) ｜ [조사] 국민연금 업종(금속 절삭기계 제조업), 화성시 소재. 홈페이지 미기재, 비상장 소기업(고용 21명)으로 공개 매출 자료 없음. 잡코리아/사람인/catch 검색 무매칭","동명 다수(광원산업/광명산업 등)로 매출 식별 불가, 저신뢰"
정회원,국제유압성형,http://www.kukjehnm.com,,,,,,,유압성형(하이드로포밍)/유압기기 부품 추정,불명,"[조사] 홈페이지 kukjehnm.com=KJ-LION E&C(현재 DNS 응답불가). 국민연금 미매칭, 비상장 소기업으로 공개 매출 없음","국민연금 미매칭 ｜ 홈페이지 접속불가, 제품군 추정"
정회원,길라씨엔아이,http://www.bandi22.com,,,,,,,사무·회화용품 제조(catch 분류 기준); 건설기계 분야 연관성 불명,불명,"[조사] 홈페이지 bandi22.com(접속불가). catch.co.kr/잡코리아·사람인 길라씨엔아이(주) 검색=사무 및 회화용품 제조업 분류, 공개 매출액 미표기","국민연금 미매칭 ｜ 주요업종이 건설기계와 불일치, 동명 가능성·저신뢰"
정회원,남양테크,http://-,인천 중구,인천광역시 중구 서해대로180번길,분말 야금제품 제조업,15,100,2022,건설기계·산업기계용 주조/압연/제관·도장 부품(굴삭기 등 중장비 핵심 부품),불명,국민연금('26.5) ｜ [조사] 홈페이지 nyt1691.mycafe24.com(소재사업부 주강·주철·압연/제관사업부) — 연구소 표기 없음. 매출 100억 돌파(2022): RnDcircle/인천 비즈오케이·잡코리아 기업정보,확인요(동명 3법인) ｜ 인천 중구·건설기계 부품으로 CSV와 정확히 매칭
정회원,뉴텍알에스아이,http://www.ntrsi.com,,,,,,,주물·주강·주철 주조품(casting) 제조,불명,"[조사] 홈페이지 ntrsi.com(접속불가). ec21(ntrsi.en.ec21.com)=Newtec RSI, casting/cast iron/cast steel 공급사. 국민연금 미매칭, 공개 매출 없음","국민연금 미매칭 ｜ 홈페이지 접속불가, EC21 기준 제품 확인"
정회원,다산중공업,http://www.dasancrane.co.kr,경기 안성시,경기도 안성시 미양면 신두만곡로,화물 자동차 및 특수 목적용 자동차 제조업,14,131,2021,고소작업차·크레인 등 특장차(모바일 유압장비) 제조,불명,국민연금('26.5) ｜ [조사] 홈페이지 dasancrane.co.kr(고소작업차/크레인 라인업). 매출 131.5억(2021): 사람인 기업정보. 상용차신문 기사상 연구개발 인력 비중 높으나 부설연구소 명시 표기는 확인 안 됨,"경기 안성·특장차로 CSV 매칭, 매출은 2021년 기준(최신치 미확인)"
정회원,대건씨앤에스,http://www.airhammer.co.kr,,,,,,,"암반용 천공공구(DTH 해머·비트, 락드릴 툴, 익스텐션로드 등) 제조, 광산·토목기초공사용 자재",무,"[조사] 홈페이지 airhammer.co.kr(자가서명 인증서 오류로 코머신 경유 확인) + komachine.com/ko/companies/daegun-c-s — 주요제품·연혁 확인. 1992년 설립 국내 유일 종합 ROCK TOOL 제조사, 40여개국 수출. 홈페이지/코머신에 연구소 언급 없음. 비상장 소기업으로 공개 매출 미확인",국민연금 미매칭 ｜ 소재지 경기 평택시(청북읍). 매출 공개자료 없음
정회원,대금지오웰,http://www.daekeum.co.kr,인천 미추홀구,인천광역시 미추홀구 장고개로92번길,일반 저울 제조업,106,297,2024,저울·계량기 등 계측기기 제조(일반 저울 제조업),불명,"국민연금('26.5) ｜ [조사] catch.co.kr/Comp/CompSummary/248339 — 2024.12 기준 매출 297억(캐치 검색결과). 홈페이지 daekeum.co.kr 자가서명 인증서 오류로 미접속, 연구소 여부 확인 불가","인천 미추홀구. 고용 106명, 매출 규모 정합"
정회원,대동이엔지,http://www.dd-eng.com,경북 포항시,경상북도 포항시 북구 흥해읍 동해대로1954번길,건설 및 채광용 기계장비 제조업,6,93.5,2023,"굴착기용 진동 어태치먼트(진동리퍼 MAXBRIO, 바이브로해머/파일드라이버, 진동스크린버킷, 컴팩터)",불명,"국민연금('26.5) ｜ [조사] 홈페이지 dd-eng.com — 주요제품·연혁 확인(파일드라이버 국산화로 시작, 진동장비 R&D 지속). 매출 93.5억(2023.12)은 saramin·jobkorea 기업정보. KOITA 기술개발(연구분야 기계/소재) 등록기업이나 홈페이지에 부설연구소 메뉴 명시 없음","확인요(동명 3법인) ｜ 동명 3법인 확인요. 홈페이지 법인은 경기 파주시 소재로, CSV의 경북 포항(국민연금)과 지역 불일치 — 협회 회원사는 파주 진동어태치먼트 법인으로 추정"
정회원,대신중공업,http://www.taeshin.com,,,,,,,"불명(건설기계 관련 추정, 구체 미확인)",불명,"[조사] 홈페이지 taeshin.com DNS 미해석(접속 불가). 웹/네이버 검색 시 동명 유사기업(태신, 태성중공업, 대한중공업)만 검색되어 본 회원사 특정 불가. CSV상 국민연금 미매칭으로 지역·업종 정보도 없음",국민연금 미매칭 ｜ 국민연금 미매칭·홈페이지 불통으로 식별·매출 확인 불가
정회원,대양롤랜트,http://www.dyrollent.co.kr,경기 시흥시,경기도 시흥시 정왕동,산업용 로봇 제조업,30,102,2023,"산업용 롤러/자동화 롤러, 컨베이어 부품·롤러컨베이어 등 기계요소부품",불명,"국민연금('26.5) ｜ [조사] saramin·jobkorea 기업정보 — 2023년 매출 약 102.2억(10,216,880천원). 주요제품은 회사 소개(dyrollent.com) 검색결과. 홈페이지 dyrollent.co.kr 인증서 불일치·dyrollent.com DNS 미해석으로 연구소 여부 미확인","경기 시흥시(시화공단). 1990년 설립, 직원 40명"
정회원,대영정밀,,경기 안산시,경기도 안산시 단원구 살막길,그 외 자동차용 신품 부품 제조업,21,,,자동차용 신품 부품 제조(국민연금 업종 기준),불명,국민연금('26.5) ｜ [조사] 홈페이지 없음(CSV 홈페이지 공란). 웹/검색에서 안산 단원구 살막길 소재 '대영정밀' 특정 불가. 동명 7법인으로 매출 확신 매칭 불가하여 미기재,"확인요(동명 7법인) ｜ 동명 7법인 확인요. 지역(경기 안산 단원구)·업종(자동차부품)만 확인, 매출·연구소 미확인"
정회원,대영특수강,http://www.dae-young.net,대구 북구,대구광역시 북구 검단로,1차 금속제품 도매업,6,,,"특수강·비철금속, 펌프카 부품(추정)",불명,국민연금('26.5) ｜ [조사] 홈페이지(dae-young.net) 접속불가. 비고 '동명 2법인' — 온라인 재무정보(잡코리아 등)는 충북 음성군 제조법인 건이라 대구 북구 1차 금속제품 도매법인과 불일치하여 매출 비공개 처리,확인요(동명 2법인) ｜ 동명 2법인 디스앰비규에이션 실패(대구 vs 음성). 저신뢰
정회원,유한회사 대한중공업,http://www.daehan-at.com,대전 유성구,대전광역시 유성구 테크노2로,건설 및 채광용 기계장비 제조업,33,188,2025,굴삭기용 어태치먼트(돌집게·나무집게 등 집게류),불명,"국민연금('26.5) ｜ [조사] 잡코리아(jobkorea.co.kr/recruit/co_read/c/daehan8866) 매출 188.6억(2025.12.31), 직원 40명. 홈페이지 daehan-at.com은 self-signed 인증서로 접속불가","대전 유성 테크노2로 소재, 1997년 설립 어태치먼트 제조사로 일치"
정회원,대흥전기,http://www.yangsugi21.co.kr,경북 울진군,경상북도 울진군 울진읍 고성1길,응용 소프트웨어 개발 및 공급업,4,,,엔진양수기·펌프(차량엔진 결합형 양수기),불명,"국민연금('26.5) ｜ [조사] 한국경제 기사(hankyung.com/news/article/2014061886161) — 엔진양수기 24개국 특허. 홈페이지(yangsugi21.co.kr) 접속불가, catch/nicebizinfo에서 매출 미확인","소기업(직원 4명), 비상장 매출 비공개"
정회원,브이비엠,http://www.vnbm.co.kr,,,,,,,"철근 케이지 자동화 제작기기, 댐·교량 특수 건설장비, 몰드시스템",불명,"[조사] 여기여 제품홍보관(blog.yeogie.com/vnbm) 사업분야. 홈페이지(vnbm.co.kr) 접속거부, 국민연금 미매칭으로 직원·매출 미확인","국민연금 미매칭 ｜ 서울 구로 소재. 국민연금 미매칭 소기업, 공개 매출 없음"
정회원,동서콘트롤,http://www.dscontrol.co.kr,전북 전주시,전북특별자치도 전주시 덕진구 구렛들1길,전자코일  변성기 및 기타 전자 유도자 제조업,47,107,2024,산업차량·건설기계용 전장부품(전자 조이스틱·DC/DC컨버터 등),불명,국민연금('26.5) ｜ [조사] 잡코리아(jobkorea.co.kr/recruit/co_read/c/dscontrol) 매출 107억·영업이익 2억·직원 52명. 두산인프라코어 건설기계 전장품 납품. 홈페이지 dscontrol.co.kr,"1975년 설립, 전주 덕진구로 일치"
정회원,동양기계공업,http://www.dongyangmc.co.kr,인천 남동구,인천광역시 남동구 능허대로595번길,건설 및 채광용 기계장비 제조업,28,174,2025,"건설장비·중장비 부품(두산인프라코어 협력사), 산업기계",불명,국민연금('26.5) ｜ [조사] 잡코리아(jobkorea.co.kr/recruit/co_read/c/d04420) 매출 174.2억(2025.12.31)·직원 80명. 사람인 기업정보. 홈페이지 dongyangmc.co.kr,인천 남동공단 소재로 일치
정회원,디와이,http://www.dy.co.kr,인천 남동구,인천광역시 남동구 남동서로362번길,그 외 자동차용 신품 부품 제조업,89,11917,2023,"DC모터·유압실린더·카고크레인·콘크리트펌프트럭·자동세차기 등 (사업지주회사, 유압기기·특장차)",유,"국민연금('26.5) ｜ [조사] 홈페이지(dy.co.kr) 메뉴에 R&D소개·실험실·측정실·시험장비 존재; 매출은 KRX 상장 디와이(주) A013570 2023년 연결기준 약 1조1,917억 (fnguide/사람인). 비고: 89명은 지주 본사 인원, 매출은 그룹 연결 수치","확인요(동명 6법인,상호 짧음) ｜ 동명 6법인 — 인천 남동구 주소·자동차부품/유압 업종으로 KRX 상장 디와이(주) A013570(사업지주회사)로 매칭. 매출은 연결 그룹 규모이므로 단독 회사 규모와 차이 가능"
정회원,동양중공업,http://www.dyhi.co.kr,대전 유성구,대전광역시 유성구 테크노1로,건설 및 채광용 기계장비 제조업,11,34,2023,굴착기용 어태치먼트 — 유압브레이커·그래플·크러셔·아스팔트커터·연장붐,불명,"국민연금('26.5) ｜ [조사] 제품: komachine.com 동양중공업 페이지; 매출 약 33~34억(catch.co.kr M292205, saramin). 홈페이지(dyhi.co.kr) SSL 접속불가, 연구소 명시 없음",확인요(동명 2법인) ｜ 동명 2법인 — 대전 유성구 건설기계 어태치먼트 제조사로 매칭
정회원,동우기계,http://www.dwdth.com,경기 화성시,경기도 화성시 만세구 서신면 전곡산단10길,건설 및 채광용 기계장비 제조업,7,95,2021,건설기계 부품·금속절삭(가공)기계 제조,불명,"국민연금('26.5) ｜ [조사] 매출 94.5억(2021, 잡코리아 company/44038694); 홈페이지(dwdth.com) 인증서 만료로 접속불가, 연구소 확인 불가. 2021년 이후 공개 매출 미확인",화성 서신면 전곡산단으로 매칭. 최신 매출은 2021년 기준이 마지막 공개치
정회원,동일고무벨트,http://www.drb-industrial.com,부산 금정구,부산광역시 금정구 공단동로55번길,해당없음,479,3577,2023,러버트랙·러버패드(굴착기·콤바인용)·전동벨트·컨베어벨트·면진제진시스템,유,"국민연금('26.5) ｜ [조사] 홈페이지(drb-industrial.com) R&D소개·R&D연혁 메뉴 존재; 매출 3,577억·영업이익 136억(2023, 한국경제 2024-03-25 기사, KRX A163560)",
정회원,동일금속,http://www.dongilmetal.co.kr,경북 영천시,경상북도 영천시 금호읍 금호로,금속 문  창  셔터 및 관련제품 제조업,48,714,2024,크롤러크레인 트랙슈 어셈블리·아이들러·텀블러·초대형 굴착기 특수주강슈 등 건설기계 합금주강품,불명,"국민연금('26.5) ｜ [조사] 매출 713.6억(2024, 잡코리아 company/1817799; 2023년 1,091억, 2022년 1,101억); KRX 상장 A109860. 홈페이지/공개자료상 부설연구소 명시 미확인","영천 금호읍, 크롤러크레인 부품 세계 1위(2018년 점유율 54%). 상장 제조사로 R&D 보유 추정되나 홈페이지 표기 미확인으로 불명"
정회원,동현기공,,경기 김포시,경기도 김포시 대곶면 대곶북로,기타 물품 취급장비 제조업,10,,,기타 물품 취급장비(운반·하역장비 등) 제조 (국민연금 업종 기준),불명,"국민연금('26.5) ｜ [조사] 홈페이지 없음(CSV 공란), catch·잡코리아·검색에서 김포 대곶면 동현기공의 공개 매출·제품 미확인. 비상장 소기업(국민연금 가입 10명)으로 공개 매출 없음",확인요(동명 2법인) ｜ 동명 2법인 — 김포 대곶면 외 식별정보 부족으로 확정 매칭·매출 확인 불가
정회원,두원공조,http://www.dwdcc.com,충남 아산시,충청남도 아산시 음봉면 연암율금로,그 외 자동차용 신품 부품 제조업,547,15463,2023,"자동차 공조시스템(에어컨/히터), HVAC 모듈, 전동 컴프레서 등 차량용 공조 부품",유,"국민연금('26.5) ｜ [조사] WebSearch(나무위키/캐치 catch.co.kr/Comp/CompSummary/452165) — 2023년 매출 약 1조5,463억원; 기흥연구소 등 기술연구소 보유. 현대·기아차 공조부품 주공급사",확인요(동명 2법인) ｜ CSV '동명 2법인' 플래그. 충남 아산 본사·고용 547명·자동차용 신품 부품 제조업으로 자동차 공조 전문기업 두원공조와 매칭. 단 1조5천억대는 연결/그룹 기준일 수 있어 개별법인 수치는 다를 수 있음(저신뢰 가능)
정회원,두윈코,http://www.dowinco.com,,,,,,,"유압브레이커(해머), 굴착기 어태치먼트, 언더캐리지 부품 (Dowin International Corp.)",불명,"[조사] 홈페이지 dowinco.com (Dowin International Corp.) — 유압식 철거장비·브레이커 제조/수출. 공개 매출 미확인(국민연금 미매칭, 비상장 소기업)","국민연금 미매칭 ｜ 홈페이지명은 'Dowin International Corp'. 인증서 오류로 회사소개 직접확인 불가, 연구소 표기 확인 못함 → 불명"
정회원,디마인드테크,http://www.d-mind.co.kr,,,,,,,"마이컴 기반 임베디드 제어장치(경관조명·터널등 제어), 태양광 추적 제어기·접속반, 낙뢰보호기, IoT 제어",불명,"[조사] 홈페이지 d-mind.co.kr (D-MIND Technology) — 임베디드 H/W·S/W 전문, 충남 천안 소재. 공개 매출 미확인(국민연금 미매칭, 비상장 소기업). 홈페이지 인증서 만료로 연구소 메뉴 직접확인 불가",국민연금 미매칭 ｜ 전통적 건설기계가 아닌 임베디드·제어시스템 업체. 연구소 표기 미확인 → 불명
정회원,디앤에이중공업,http://www.dnabreaker.com,서울 금천구,서울특별시 금천구 가산디지털1로,건설 및 채광용 기계장비 제조업,41,260,2025,"유압브레이커, 콘크리트파쇄기, 크라샤/브레이커 죠(소모품), 스키드로더·백호로더 등 건설장비",불명,"국민연금('26.5) ｜ [조사] 사람인 saramin.co.kr — 매출액 260억7,791만원, 직원 42명(국민연금, CSV 41명과 일치). 서울 금천구 가산동 소재, 건설장비 제조·무역",홈페이지 dnabreaker.com DNS 접속불가로 연구소 표기 미확인 → 불명. 매출 조회기간 2026.05 기준 최신연도 추정 2025
정회원,디앤에이치아이,http://dnhi.kr,충북 진천군,충청북도 진천군 이월면 산수산단2로,금속 절삭기계 제조업,5,20,2023,"전유압식 유압브레이커(DNB 시리즈, 16종) — 굴착기 장착 파쇄용 어태치먼트",불명,"국민연금('26.5) ｜ [조사] 잡코리아 jobkorea.co.kr/recruit/co_read/c/dnhi0040 — 매출 2023년 20.1억/2024년 17.1억/2023년 13.3억(2025). 충북 진천 산수산단, 직원 5명(CSV 5명 일치). 유압브레이커 수출(30여국)",최근(2025) 매출 약 13억으로 감소세. 가장 정상연도인 2023년 20억 채택. 홈페이지 dnhi.kr 연구소 표기 미확인 → 불명
정회원,명산중공업,http://www.myungsan.com,,,,,,,굴착기용 어태치먼트(유압브레이커 등) 등 건설중장비 부품,불명,"[조사] 홈페이지 myungsan.com (구형 플래시 사이트, DNS/접속 불가). 공개 매출 미확인(국민연금 미매칭, 비상장). 동명 유사기업(명성중공업·명신산업 등) 다수로 식별 주의",국민연금 미매칭 ｜ 홈페이지 접속불가·동명 기업 다수로 정확한 제품/매출/연구소 확인 못함. 제품은 협회 업종(건설기계 어태치먼트)에 근거한 추정 → 저신뢰
정회원,명성,http://www.mscpsp.com,경기 수원시,경기도 수원시 권선구 산업로92번길,그 외 자동차용 신품 부품 제조업,89,937,2024,자동차용 신품 부품(스마트키 등 전자부품) 제조,불명,"국민연금('26.5) ｜ [조사] 사람인 (saramin.co.kr) 매출 937억3,567만원; 국민연금 90명. 자동차부품/스마트키 제조사로 건설기계와는 직접 관련 낮음. 홈페이지 mscpsp.com 미확인으로 연구소 불명.","확인요(동명 13법인,상호 짧음) ｜ 동명 13법인·상호 짧음. 업종(자동차용 신품부품 제조)이 국민연금 데이터와 일치해 매칭은 정합적이나 건설기계 회원사로서는 성격이 모호. 매출 937억은 90명 대비 다소 큼 — 재확인 권장."
정회원,밀리언,http://www.millionmachinery.com,경기 고양시,경기도 고양시 덕양구 꽃마을로,전시  컨벤션 및 행사 대행업,4,,,불명(국민연금 매칭 법인은 전시·컨벤션·행사 대행/인력공급업),불명,"국민연금('26.5) ｜ [조사] 잡코리아(jobkorea c/hiwlgh): 2023.9 설립, 전시·컨벤션·행사대행·인력공급, 직원 0명, 매출 미공개. 홈페이지 millionmachinery.com 접속불가(ENOTFOUND).",확인요(상호 짧음) ｜ 동명 의심. 국민연금 매칭 법인(전시·컨벤션 대행)은 건설기계 제조사가 아니며 홈페이지도 폐쇄 — 회원사 실체와 불일치 가능성 높음. 매출 확인 불가.
정회원,바이오삼삼,http://www.biosamsam.com,,,,,,,"건설중장비·펠릿보일러 수입판매, 중장비·자동차 재활용, 건설장비 렌탈",불명,"[조사] 웹검색(삼삼그룹 계열, 경남 사천시 축동면): 일본·이탈리아·터키·스페인산 건설장비·펠릿보일러 수입판매 및 중장비 재활용·렌탈. 홈페이지 biosamsam.com 접속불가(ENOTFOUND), 국민연금 미매칭으로 매출·연구소 미확인.",국민연금 미매칭 ｜ 국민연금 미매칭(고용·매출 데이터 없음). 제조보다 수입·렌탈·재활용 중심 업체로 추정.
정회원,부광비씨티,http://www.bksnet.kr,경기 시흥시,경기도 시흥시 경제로,산업용 그 외 비경화 고무제품 제조업,5,70,2023,유압브레이커용 합성화학(우레탄) 부품·전용 패킹/씰 제조,불명,"국민연금('26.5) ｜ [조사] 웹검색(사람인/잡코리아): 자회사 BKS 매출 약 70억·30명, 2013년 세계최초 유압브레이커 전용 패킹 상용화, 90여개국 딜러망. 홈페이지 bksnet.kr 인증서 오류로 직접 확인 불가 — 연구소 표기 불명.","부광비씨티(1986 창업)와 자회사 ㈜비케이에스(BKS, 2014설립, 시흥) 구조. 매출 70억은 BKS 기준치. 건설기계 어태치먼트(유압브레이커) 부품으로 적합."
정회원,부마씨이,http://www.bumace.com,경남 김해시,경상남도 김해시 진례면 테크노밸리1로,건설 및 채광용 기계장비 제조업,28,117,2024,"대구경 기초토목 굴착장비(RCD Rig, 케이싱 로테이터/오실레이터) 및 부속(해머·그랩·치젤) 제조",유,"국민연금('26.5) ｜ [조사] 잡코리아(jobkorea c/bumace): 매출 2024년 116.8억(2025년 49.6억, 2023년 47.3억), 직원 39명, 기업부설연구소(한국산업기술진흥협회 제20082055호, 2008~) 운영. 코머신: ATC(우수기술연구센터) 2015 지정.",기업부설연구소 명시(유). 기초토목건설장비 전문기업.
정회원,비에이치아이,http://www.bhice.com,경남 함안군,경상남도 함안군 군북면 장백로,내연기관 제조업,597,4049,2024,"발전용 기자재 — HRSG(배열회수보일러), 산업용 보일러, 복수기 등(코스닥 083650)",불명,"국민연금('26.5) ｜ [조사] 웹검색(threads/fnguide): 2024년 연결 매출 4,049억(영업이익 235억), HRSG 글로벌 1위. 코스닥 상장사(083650). 홈페이지 bhice.com 자가서명 인증서 오류·bhi.co.kr 403으로 연구소 표기 직접 확인 불가.","업종은 내연기관/발전기자재로 건설기계 완성차·부품과는 성격 차이. 연결 매출 기준 4,049억."
정회원,빅센유압,http://www.bixen.co.kr,,,,,,,유압펌프·유압모터·유압밸브·조이스틱밸브·HST 등 유압부품,불명,"[조사] 홈페이지(bixen.co.kr) DNS 미접속, 국민연금 미매칭. 제품정보는 산업포털·검색결과 기반. 공개 매출 없음(비상장 소기업)",국민연금 미매칭 ｜ 홈페이지 접속 불가로 연구소 확인 불가
정회원,삼영엔지니어링,http://www.knknpk.com,경북 포항시,경상북도 포항시 남구 연일읍 형산강남로418번길,금속 문  창  셔터 및 관련제품 제조업,8,,,금속 문·창·셔터 및 관련제품 제조,불명,국민연금('26.5) ｜ [조사] 주요업종(국민연금)·bizno 소재지(포항 연일읍 형산강남로418번길) 기반. 홈페이지 knknpk.com DNS 미접속. catch/saramin의 '삼영엔지니어링'은 부산 공기조화 동명 타법인이라 매출 미적용,확인요(동명 2법인) ｜ 동명 2법인 — 포항 셔터 제조사의 공개 매출 미확인
정회원,삼정건설기계,http://www.samjung-kenki.co.kr,경기 오산시,경기도 오산시 경기대로636번길,기타 산업용 기계 및 장비 도매업,50,390,2024,코벨코 굴착기·케이스 트랙터/스키드로더·미카사 소형건설기계 판매(건설기계 도매·딜러),불명,"국민연금('26.5) ｜ [조사] catch.co.kr(477662, 2024.12 매출 390억), jobkorea/incruit·remicon114 기사로 코벨코 한국대리점 확인. 딜러업종으로 부설연구소 언급 없음",장비 도매(딜러)라 연구소 비해당 가능성 높으나 홈페이지 인증서 만료로 미확정
정회원,삼정산업,,경북 포항시,경상북도 포항시 북구 청하면 용산길,그 외 자동차용 신품 부품 제조업,17,203,2025,자동차부품·Steel Pallet 제조(수출 비중 높음),불명,"국민연금('26.5) ｜ [조사] 잡코리아/사람인·인크루트(삼정산업, 포항 북구 청하면 용산길 187, 대표 이희만, 2025 매출 203.4억). CSV 소재지(청하면 용산길)와 일치",확인요(동명 4법인) ｜ 동명 4법인 중 포항 청하 용산길 법인으로 주소 매칭
정회원,성주엠아이,http://www.sungjumi.com,인천 남동구,인천광역시 남동구 남동대로,그 외 자동차용 신품 부품 제조업,73,181,2025,"철도차량(전동차 외판·골조)·지게차·굴삭기 차체 부품, 중대형 제관·철구조물·금형·레이저가공",유,"국민연금('26.5) ｜ [조사] 사람인 기업정보(성주엠아이, 인천 남동구 남동대로340, 매출 181.5억; 2012.4 부설 기술연구소 설립 명시). 소재지·업종 CSV와 일치",
정회원,성진산업사,,부산 강서구,부산광역시 강서구 가달2로,그 외 자동차용 신품 부품 제조업,34,,,자동차 차체용 신품 부품·프레스 가공품 제조,불명,"국민연금('26.5) ｜ [조사] 주요업종(국민연금) 기반. bizno 성진산업사는 부산 강서 지사동(박성욱,62명), saramin은 대구 인쇄업 등 동명 타법인이라 CSV(강서구 가달2로,34명)와 정확 매칭되는 공개 매출 미확인",부산 강서구 내 동명 다수 — 가달2로 34명 법인의 공개 매출 없음
정회원,세광하이테크,http://www.skh-hydraulics.com,대구 북구,대구광역시 북구 검단북로,주철관 제조업,47,164,2024,"유압 관 이음쇠·피팅, 배관부자재(건설기계·농기계·유압장비용)",불명,국민연금('26.5) ｜ [조사] 사람인/잡코리아 2024년 매출 163.7억(2023 172.7억). 홈페이지(skh-hydraulics.com)에 기술정보(공정·시험·측정장비) 메뉴는 있으나 부설연구소 명칭 미확인,확인요(동명 3법인) ｜ CSV 비고 동명 3법인 — 대구 북구 유압피팅 제조사로 매칭
정회원,센텍,http://www.isentec.co.kr,경기 안산시,경기도 안산시 단원구 해안로,산업용 그 외 비경화 고무제품 제조업,153,540,2024,"유압 고압고무호스, 산업용호스, 유압 피팅·어댑터, 고무컴파운드(CMB/FMB)",불명,"국민연금('26.5) ｜ [조사] 잡코리아 2024년 매출 539.7억(2025 573.1억, 2023 533.8억). 홈페이지(isentec.co.kr) 부설연구소 명칭 미확인","확인요(동명 4법인,상호 짧음) ｜ 안산 단원구 비경화 고무제품 제조사로 매칭(동명 4법인)"
정회원,(주)수성샐바시온,http://www.soosung.com,,,,,,,"전동지게차, 고소작업대, 핸드팔레트트럭, 스태커 등 물류·운반기계",불명,"[조사] 코스닥 상장사(084180), 2023.12 사명 변경 '수성웹툰'으로 본업 피벗. 단일 최근연도 연결매출 신뢰 수치 확정 불가(523억 추정치는 타사 혼재 가능). DART 확인 필요",국민연금 미매칭 ｜ CSV 국민연금 미매칭. 사명변경·사업피벗으로 최근 매출 저신뢰 — 공란 처리
정회원,스타우프코리아(유),http://www.stauff.co.kr,부산 강서구,부산광역시 강서구 화전산단5로,유압 기기 제조업,25,174,2024,"유압기기·유압배관 부품/모듈(건설장비·제철·공작기계·조선해양용), 독일 STAUFF 합작법인",불명,"국민연금('26.5) ｜ [조사] 잡코리아 2024년 매출 173.6억(2025 138억, 2023 141.9억). 홈페이지 stauff.co.kr 접속불가, 부설연구소 미확인",부산 강서구 유압기기 제조사로 매칭
정회원,스페코,http://www.speco.co.kr,충북 음성군,충청북도 음성군 소이면 소이로,건설 및 채광용 기계장비 제조업,39,272,2024,"아스팔트플랜트, 콘크리트배처플랜트 등 건설기계, 선박 평형수설비, 풍력타워",불명,"국민연금('26.5) ｜ [조사] 코스닥 상장사(013810), FnGuide 2024년 매출 271.9억. 홈페이지(speco.co.kr) 인증서 오류로 부설연구소 직접 미확인","확인요(동명 2법인,상호 짧음) ｜ 음성군 건설·채광용 기계장비 제조사로 매칭(동명 2법인)"
정회원,신진정밀,http://www.sjpsu.com,광주 광산구,광주광역시 광산구 하남산단10번로,내연기관 제조업,79,67,2018,"지게차·트랙터용 유압 파워스티어링 유니트(국내점유 90%), 유압모터·각종 유압밸브",불명,"국민연금('26.5) ｜ [조사] 잡코리아 매출 추이 2018년 66.5억(2019 48.2억, 2017 74.1억). 홈페이지(sjpsu.com) 인증서 오류로 부설연구소 직접 미확인",확인요(동명 4법인) ｜ 광주 광산구 내연기관/조향장치 제조사로 매칭(동명 4법인). 최근 확인 가능 연도=2018·2019
정회원,신한전자기기,http://www.shinhanelec.co.kr,부산 사하구,부산광역시 사하구 사하로,전동기 및 발전기 제조업,29,,,"크레인 과부하방지장치, 로드셀(LOAD CELL), 중량계측(WEIGHING SYSTEM)",불명,"국민연금('26.5) ｜ [조사] 건설기계뉴스(kunginews.com), 잡코리아/캐치 검색 — 제품 확인. 비상장 소기업(국민연금 29명)으로 공개 매출액 없음. 홈페이지(shinhanelec.co.kr) 접속 불가로 부설연구소 불명","부산 사하구 구평동, CRANE LOAD WEIGHING SYSTEM 국내 선두"
정회원,오톡스,http://www.autox.co.kr,경기 고양시,경기도 고양시 일산동구 공릉천로473번길,산업용 그 외 비경화 고무제품 제조업,20,51,2024,"산업용/건설기계용 비경화 고무·폴리우레탄 부품 (1983년 창업, 30여개국 수출)",불명,"국민연금('26.5) ｜ [조사] catch.co.kr(H39997)·잡코리아 — 매출 50.9억(2024.12 기준), 사원 30명. 홈페이지 autox.co.kr 인증서 오류로 접속 불가, 부설연구소 불명","확인요(상호 짧음) ｜ 고무 부품 전문, 매출 50.9억≈51억"
정회원,썬하이드로릭스코리아,http://www.sunhydraulics.com,인천 서구,인천광역시 서구 북항로193번길,유압 기기 제조업,45,314,2025,나선형 유압 카트리지 밸브 및 매니폴드 시스템(중장비·특장차·농기계·선박용) — 美 Sun Hydraulics 100% 외투기업,불명,"국민연금('26.5) ｜ [조사] 잡코리아(sk9713)·캐치(666084) — 매출 314.8억(2025.12 기준, 전년比 +4%), 사원 70명. 홈페이지 sunhydraulics.com 접속 불가로 부설연구소 불명","인천 서구 원창동, 구 대한유압"
정회원,씨앤오에치,http://www.cnohcorp.com,,,,,60,,유압 브레이커·파쇄용 어태치먼트(데몰리션 장비) 및 건설장비·부품 수출 도매,불명,"[조사] 잡코리아(Salary/107525)·사람인 — 매출 약 60억, 사원 3명, 업종 상품종합도매·건설장비부품수출. 검색 스니펫상 'high-performance hydraulic breakers and demolition attachments since 2000'. 홈페이지 cnohcorp.co.kr 패킹(가비아) 페이지로 부설연구소 불명",국민연금 미매칭 ｜ 경기 고양시 일산동구 소재. 사원 3명 무역상사형이라 60억은 수출도매 매출로 추정(저신뢰)
정회원,씨제이테크,,충남 아산시,충청남도 아산시 음봉면 음봉로681번길,기타 반도체 소자 제조업,19,,,"반도체/디스플레이 자동화 장비 모듈기구 조립, 전장설계·판넬제작·로컬배선·하네스 제작",불명,"국민연금('26.5) ｜ [조사] 사람인·인크루트(1683021999)·잡코리아 — 충남 아산 음봉면 소재 확인(2004년 설립, 사원 19명, ISO9001·스마트공장). 비상장 소기업으로 공개 매출액 없음. 홈페이지 미기재로 부설연구소 불명",확인요(동명 3법인) ｜ 비고의 동명 3법인 중 충남 아산 음봉면 건(인천 서구·경남 고성 동명사 제외하고 매칭)
정회원,씨이제이엔코리아,http://www.cejn.kr,서울 강서구,서울특별시 강서구 마곡중앙1로,BIZ_NO미존재사업장,7,28,2016,초고압 유압용 퀵커플러(퀵-카플링) 및 공압 제품 — 스웨덴 CEJN 그룹 한국법인,불명,"국민연금('26.5) ｜ [조사] 잡코리아(cejnkorea) — 매출 28.01억(2016.12 기준), 사원 7명. 최신 매출 미공개. 홈페이지 cejn.kr 접속 불가로 부설연구소 불명","서울 강서구 마곡, CEJN Korea. 매출 데이터가 2016년으로 오래됨(저신뢰)"
정회원,프레스토라이트아시아,http://www.prestoliteasia.co.kr,경기 이천시,경기도 이천시 부발읍 황무로1965번길,전동기 및 발전기 제조업,38,145,2025,전동지게차·E-Mobility 산업차량용 구동시스템(구동모터)·차량용 제어기,유,"국민연금('26.5) ｜ [조사] 홈페이지(연구소 소개/연혁/R&D 메뉴 확인, prestoliteasia.co.kr) + 매출은 잡코리아(jobkorea.co.kr/Recruit/Co_Read/C/pal0827, 2025년 145.04억, 사원 44명)","1998년 美 Prestolite·대우종기 합작 설립, 이천 소재로 협회 회원사와 일치"
정회원,어텍,http://www.eatech.co.kr,충북 청주시,충청북도 청주시 흥덕구 오송읍 오송생명14로,산업용 로봇 제조업,10,,,"건설중장비용 무선 리모컨·제어장치, 가로등 제어장치, 전력감시 제어장치",불명,"국민연금('26.5) ｜ [조사] 홈페이지(eatech.co.kr, 자가서명 인증서로 직접접속 실패→검색요약으로 사업내용 확인) + 매출 비공개. 청주 오송 소재, 대표 김진태로 협회 회원사와 일치","확인요(상호 짧음) ｜ 국민연금 10명 소기업, 공개 매출 자료 없음. 연구소 표기 확인 불가→불명"
정회원,아이씨엠,http://www.icm-tool.com,서울 서대문구,서울특별시 서대문구 연세로,기타 인문 및 사회과학 연구개발업,19,,,미확정(홈페이지 icm-tool.com 접속불가),불명,"국민연금('26.5) ｜ [조사] 홈페이지(icm-tool.com) 접속 불가(ECONNREFUSED). 웹검색상 서대문 연세로 소재 동명사는 연세대 기술지주 바이오벤처 '아이씨엠'(유전자치료, icm-bio.com)으로 확인되나 등록 홈페이지(icm-tool.com=공구사이트)와 불일치",확인요(동명 5법인) ｜ 비고 '동명 5법인'. 業種(연구개발업)·지역(서대문 연세로)은 바이오 아이씨엠과 일치하나 협회 회원사(건설기계)·홈페이지(공구)와 모순되어 동일법인 확정 불가. 저신뢰
정회원,알 코,http://www.all-kor.com,경기 수원시,경기도 수원시 영통구 영통로501번길,안경  사진장비 및 광학용품 도매업,8,,,미확정(홈페이지 all-kor.com 접속불가),불명,국민연금('26.5) ｜ [조사] 홈페이지(all-kor.com) DNS 미해소(ENOTFOUND). 웹검색 결과(알루코·방열 알코·보일러부품 알코 등) 모두 수원 영통·광학용품 도매 업종과 불일치,"확인요(동명 2법인,상호 짧음) ｜ 비고 '동명 2법인, 상호 짧음'. 국민연금 8명 소기업, 해당 법인 특정 불가→매출 미상"
정회원,에스아이엠,http://www.koreasim.com,경기 김포시,경기도 김포시 양촌읍 고음달로191번길,그 외 자동차용 신품 부품 제조업,59,292,2024,지게차 운전석 완성품(Operator's Cell)·중장비 부품·자동차 엔진부품 (디젤엔진 후처리장치·EV 구동모터 개발),불명,"국민연금('26.5) ｜ [조사] 사람인 기업정보(saramin.co.kr, (주)에스아이엠 김포 양촌, 매출 292.26억·주요제품 확인). 김포 양촌읍 소재로 협회 회원사와 일치",확인요(동명 3법인) ｜ 비고 '동명 3법인'이나 김포 양촌·중장비부품 업종으로 정확 매칭. 매출연도는 최근 결산 기준(2024 추정)
정회원,에스앤티(S&T)커뮤니케이션,http://www.sntgroup.co.kr,,,,,,,"미확정(추정: S&T그룹 통신 계열, 무전기/통신장비)",불명,[조사] 홈페이지(sntgroup.co.kr) DNS 미해소(ENOTFOUND). 웹검색으로 독립 법인 '에스앤티커뮤니케이션' 특정 불가,"국민연금 미매칭 ｜ CSV상 지역·주소·매출 등 전 항목 공란, '국민연금 미매칭' 표기. 현존/매칭 여부 불확실, 전 항목 미상"
정회원,엘에스테크,http://www.ansimlift.com,충남 아산시,충청남도 아산시 영인면 윤보선로,산업용 냉장 및 냉동장비 제조업,31,,,안심리프트 브랜드 고소작업대·이동식 리프트(작업대) 제조,불명,"국민연금('26.5) ｜ [조사] 홈페이지 ansimlift.com(인증서 오류로 직접 확인 불가), 잡코리아/나이스비즈인포: 업종 '광물처리·취급장비/기타 제품 제조업', 국민연금 31명. catch에 매출 표기 있으나 수치 신뢰 확인 불가하여 공란. 동명 9법인 존재로 매출 특정 보류.",확인요(동명 9법인) ｜ 동명 9법인 — 아산 제조법인 기준. 매출 미확정
정회원,엠에스정밀,http://www.powertrainglobal.com,경기 남양주시,경기도 남양주시 진건읍 독정로273번길,금속 주조 및 기타 야금용 기계 제조업,16,203,2024,지게차·건설기계용 유압식 트랜스미션(T/M)·드라이브액슬(D/A)·스티어링액슬 등 파워트레인 부품,불명,"국민연금('26.5) ｜ [조사] 사람인 기업정보(매출 203억 5,139만원), 잡코리아 회사소개(지게차 파워트레인, 산자부 국책과제·특허 보유). 홈페이지 powertrainglobal.com은 인증서 불일치로 직접 확인 불가 → 부설연구소 명시 미확인.","확인요(동명 2법인) ｜ 남양주 진건읍, 동명 2법인 중 주조·파워트레인 법인 매칭"
정회원,엠케이코퍼레이션,http://www.hydrautek.co.kr,강원 원주시,강원특별자치도 원주시 장미공원길,체인화 편의점,6,,,유압기기 추정(hydrautek.co.kr 도메인 기준) — 확인 불가,불명,"국민연금('26.5) ｜ [조사] 홈페이지 hydrautek.co.kr 접속 불가(DNS 미해결). 국민연금 업종 '체인화 편의점'(데이터 이상), 가입자 6명. 동명 다수 법인으로 원주 소재 해당 법인 매출 특정 불가. 공개 매출 확인 불가하여 공란.",원주 소재 법인 신뢰 매칭 실패 — 매출·제품 미확정(저신뢰)
정회원,로비트코리아,http://www.robitgroup.com,경기 화성시,경기도 화성시 만세구 장안면 장안공단2길,건설 및 채광용 기계장비 제조업,45,374,2024,"굴착공구·록툴(드릴링 비트, 탑해머/DTH 비트 등) 종합 제조 — 핀란드 Robit 합작",불명,"국민연금('26.5) ｜ [조사] 사람인 기업정보(매출 374억 4,547만원, 직원 45명 — 협회 국민연금 45명과 일치). 회사소개: 국내 굴착공구 1위, 수출주도. 홈페이지 robitgroup.com은 핀란드 본사(Robit Plc)로 한국법인 연구소 표기 미확인.","화성 장안면, 국민연금 45명과 직원수 일치"
정회원,오케이퓨쳐,http://www.okfuture.co.kr,충남 계룡시,충청남도 계룡시 두마면 제1산단로,그 외 자동차용 신품 부품 제조업,6,,,콘크리트 펌프카(포터블 펌프카) 제조 — 1983년 이래 콘크리트 펌프 분야,불명,"국민연금('26.5) ｜ [조사] 홈페이지 okfuture.co.kr(자체서명 인증서로 본문 직접 확인 불가, 제품 게시판에 '포터블 펌프카' 확인), Kompass. 국민연금 6명 소기업·비상장으로 공개 매출 미확인하여 공란.","계룡 두마면, 콘크리트펌프 제조 — 건설기계 분야 일치"
정회원,와이드컷,http://www.widecut.co.kr,경기 화성시,경기도 화성시 효행구 봉담읍 마당바위로,톱 및 호환성 공구 제조업,26,,,톱·호환성 절삭공구(톱날 등) 제조 (국민연금 업종 기준),불명,"국민연금('26.5) ｜ [조사] 홈페이지 widecut.co.kr 접속 불가(DNS 미해결). 국민연금 업종 '톱 및 호환성 공구 제조업', 가입자 26명. catch/saramin/nicebizinfo 검색에서 해당 법인 매출 미노출 — 비상장 중소기업으로 공개 매출 확인 불가하여 공란.",화성 봉담읍 — 공개 매출 데이터 없음
정회원,와이케이건기,http://www.sunnyyk.co.kr,경기 안양시,경기도 안양시 만안구 경수대로,상품 종합 도매업,102,,,"건설·농기계 수입판매(미니굴삭기 YANMAR, 휠로더, 트랙터 JOHN DEERE, 텔레핸들러 MANITOU 등 글로벌 8개 브랜드 국내 공식 파트너)",무,"국민연금('26.5) ｜ [조사] 홈페이지 sunnyyk.co.kr(제품/사업소개). 매출: 비상장 수입유통 소기업, 공개 매출 미확인",건설기계 완성차 수입·유통업(제조 아님). 고용 102명
정회원,우광산업,http://www.wookuang-ind.co.kr,충남 천안시,충청남도 천안시 동남구 성남면 성남신덕1길,금속 문  창  셔터 및 관련제품 제조업,43,149,2025,"파이프 서포트(지지대)·익스팬션조인트·파이프랙·철구조물, 바이오가스플랜트 제작/건설 (구조용 금속제품)",불명,"국민연금('26.5) ｜ [조사] 잡코리아·catch.co.kr·saramin(매출 149억3천만원/43명, 2025.12), 홈페이지 wookwang.co.kr(제품). 천안 성남면 주소로 동명 2법인 중 정회원 매칭",확인요(동명 2법인) ｜ CSV 주요업종(금속 셔터)과 일부 상이하나 천안 성남면 주소·홈페이지 일치로 확정. 동명 2법인 플래그 해소
정회원,원영씰,http://www.wonyoung.co.kr,인천 미추홀구,인천광역시 미추홀구 염전로,제조 / 산업용강화플라스틱성형제품,40,79,2020,"산업용·중장비 유공압 씰(seal), 오링, 오일씰, 패킹 (강화플라스틱/고무 성형)",불명,"국민연금('26.5) ｜ [조사] saramin·잡코리아(매출 약79억/2020, 45명), komachine. 홈페이지 wonyoung.co.kr 인증서 오류로 미접속",확인요(상호 짧음) ｜ 최신 공개 매출은 2020년 기준(78.7억). 인천 미추홀구 확인
정회원,위즈테크코퍼레이션,http://www.widstrade.com,,,,,,,"산업용 디젤엔진 공급·서비스(일본 YANMAR·미국 John Deere 엔진 한국 총판), 발전기엔진·파워유닛·순정부품·전국 A/S",무,"[조사] 홈페이지 yanmar-engine.co.kr/widstrade.com(2002 설립, YANMAR/John Deere 총판), 네이버 웹검색. 매출 공개 미확인(소규모 유통)",국민연금 미매칭 ｜ CSV 국민연금 미매칭으로 고용·지역 정보 없음. 동명 다수 존재하나 widstrade.com=WIDS TECH=엔진총판으로 확정. 건설/농기계용 엔진 공급
정회원,유응연,http://www.headmfg.co.kr,경기 시흥시,경기도 시흥시 마유로238번길,물질 검사  측정 및 분석 기구 제조업,41,71,2022,"유압부품 성능시험장비(굴삭기 MCV 시험장비, Hydraulic Pump/Motor Test Bench, 임펄스·저온유압 시험장비), 서보액추에이터·파워팩 (건설기계·방산·항공 분야)",불명,"국민연금('26.5) ｜ [조사] 홈페이지 headmfg.co.kr, komachine, conexkorea 회사소개(2024). 매출: 잡코리아(71억/2022, 34명)","확인요(상호 짧음) ｜ 1994 설립 유압시험장비 전문 R&D기업(저온유압장비·KF-21 부품 개발 등 연혁), 부설연구소 명시는 홈페이지서 미확인. 시흥 본사+창원 사업소"
정회원,유창하이텍,http://www.ybsworld.com,서울 영등포구,서울특별시 영등포구 버드나루로5길,제조 / 산업용강화플라스틱성형제품,24,149,2025,"중장비 유공압부품 제조/무역 — 유압실린더 키트, 씰·패킹, 폴리우레탄 휠·우레탄·고무·테프론 제품",불명,"국민연금('26.5) ｜ [조사] 잡코리아(ybs5277: 매출 149억2천만원/71명, 2025.12), 홈페이지 ybsworld.com. 영등포·유압/우레탄 제조로 동명 타사(자동차파렛트·반도체)와 구분","1994 설립. CSV 고용현황 24명과 잡코리아 71명 상이(국민연금 기준 차이 추정), 홈페이지 ybsworld.com 일치로 동일사 확정"
정회원,유한SHB,,,,,,,,불명 (식별 불가),불명,[조사] 국민연금 미매칭·홈페이지/지역 정보 없음. WebSearch '유한SHB 건설기계' 등으로 동일 법인 특정 불가. 매출·제품 공개정보 없음.,국민연금 미매칭 ｜ 회사 식별 불가 (저신뢰). 협회 회원사 원자료의 추가 식별정보 필요.
정회원,이앤비하이코,http://www.hyco.co.kr,경기 김포시,경기도 김포시 양촌읍 황금로127번길,상품 종합 도매업,7,87,2022,"건설장비 보수용 부품(굴착기·지게차·휠로더 부품) 수출/유통, 정품·OEM·애프터마켓 부품",무,"국민연금('26.5) ｜ [조사] 홈페이지(hyco.co.kr): 부품 수출 전문, 연구소 언급 없음 / catch.co.kr(219552)·사람인: 매출 87억, 사원 8명","경기 김포, 상품 종합 도매업 — 부품 유통업체. 매출 87억은 catch 기재값(2022 추정)."
정회원,익산유압,http://www.iksanhyd.co.kr,인천 서구,인천광역시 서구 봉수대로183번길,유압 기기 제조업,6,,,유압 밸브(릴리프·시퀀스·오버센터·체크)·기어/오빗 모터·기어 펌프·미니/마이크로 파워팩·모듈블록시스템(특장차용 유압시스템),무,"국민연금('26.5) ｜ [조사] 홈페이지(iksanhyd.co.kr 회사소개): 유압 카트리지 밸브블록·파워팩, ISO9001 보유, 연구소 언급 없음. 매출은 비상장 소기업으로 공개정보 없음(직원 6명)","인천 서구, 유압기기 제조업. 공개 매출 미확인."
정회원,자브,http://www.jabkor.co.kr,경기 시흥시,경기도 시흥시 엠티브이27로,건설 및 채광용 기계장비 제조업,8,60,2025,유압 브레이커(JBN·JB·RB 시리즈) 및 어태치먼트(리퍼·그래플·펄버라이저·시어·크러셔),유,"국민연금('26.5) ｜ [조사] 홈페이지(jabkor.co.kr): 'Research & Development' 섹션 보유 / 잡코리아(42446905): 매출 60억4천만원(2025.12.31 기준), 설립 2003","확인요(상호 짧음) ｜ 경기 시흥, 건설중장비 제조. 매출 60.4억 → 60으로 반올림 표기."
정회원,장인다이아공업,http://www.coredrill.co.kr,,,,,,,"다이아몬드 코어드릴·다이아몬드 공구(추정, coredrill.co.kr 도메인 기준)",불명,[조사] 국민연금 미매칭·홈페이지(coredrill.co.kr) 접속 불가(DNS/인증서 오류). WebSearch로 매출·연구소 정보 확인 불가,국민연금 미매칭 ｜ 제품은 도메인(coredrill)·상호 기준 다이아몬드 코어드릴 추정(저신뢰). 매출 공개정보 없음.
정회원,전일기계공업,http://www.jeonilmc.com,경기 김포시,경기도 김포시 하성면 하성로570번길,건설 및 채광용 기계장비 제조업,4,,,소형 건설장비 — 진동기(바이브레이터)·플렉시블 펌프·모터·콤팩터·래머·스크리드·피니셔·커터·엔진,불명,국민연금('26.5) ｜ [조사] 홈페이지(jeonilmc.com)·코머신: 소형 건설장비(진동기·펌프·모터 등) 제조. 홈페이지 인증서 오류로 연구소 직접 확인 불가. 매출은 비상장 소기업(직원 4명)으로 공개정보 없음,"경기 김포, 건설/채광용 기계장비 제조업. 매출 미확인, 연구소 불명."
정회원,전진씨이,,,,,,,,"건설기계·특장차 관련(전진씨에스엠 계열 추정), 굴착기 어태치먼트/특장 분야",불명,[조사] 홈페이지 미상(CSV 홈페이지 공란)·국민연금 미매칭. 공개 매출 자료 미확인. WebSearch로 동일 상호 단독법인 식별 불가,국민연금 미매칭 ｜ 상호 짧고 국민연금 미매칭. 전진씨에스엠과 동일 계열 가능성 있으나 확정 불가(저신뢰)
정회원,전진씨에스엠,http://www.junjincsm.com,,,,,,,"특장차 제조 — 건설기계장비, 고소작업차, 전기공사·환경장비, 소방특장 (1990년 독립법인, 충남 아산)",불명,[조사] 홈페이지 junjincsm.com 접속불가(DNS). 인크루트/잡코리아 기업소개로 제품군 확인(incruit.com/company/1562115). 공개 매출액 수치 미확인,국민연금 미매칭 ｜ 국민연금 미매칭. 주소 충남 아산 음봉면. 매출 공개치 없음
정회원,제이케이,http://www.jkattach.co.kr,경기 안산시,경기도 안산시 단원구 목내로108번길,건설 및 채광용 기계장비 제조업,24,,,"중장비 종합 어태치먼트 — 퀵커플러, 그랩, 콤팩터, 리퍼버켓, 틸트로테이터, 집게/브레이커 등 (2011년 설립, 경기 안산 반월공단)",불명,"국민연금('26.5) ｜ [조사] 홈페이지 jkattach.co.kr·komachine.com/ko/companies/jk-technology(설립 2011, 제품 확인). 연구개발 언급 있으나 부설연구소 명시 없음. saramin '제이케이' 매출치는 김포 임대업 등 동명 타법인이라 미적용",확인요(동명 7법인) ｜ 동명 7법인(CSV 비고). 안산 어태치먼트 제이케이의 단독 매출 공개치 미확인
정회원,준씨에스,http://www.juncs.co.kr,경기 광명시,경기도 광명시 금오로794번길,건설 및 채광용 기계장비 제조업,3,,,"철거·리사이클용 건설기계 어태치먼트 — 미니크러셔, 미니절단기(셰어), 펄버라이저, 소팅그랩, 미니버켓 (경기 광명)",불명,국민연금('26.5) ｜ [조사] 홈페이지 juncs.co.kr·komachine.com/ko/companies/jun-cs(제품 확인). 국민연금 가입자 3명 소기업으로 공개 매출 자료 없음,고용현황 3명 micro-firm. 공개 매출치 미확인
정회원,지 비,http://www.gbhammer.com,경북 경산시,경상북도 경산시 와촌면 갓바위로,알루미늄 주물 주조업,12,125,2024,"굴착기용 유압 어태치먼트 — 유압 브레이커/유압 해머 (1998년 설립, 1~60톤급 15종, CE·TUV 인증, 경북 경산 본사·경기 시흥 공장)",불명,"국민연금('26.5) ｜ [조사] 사람인 기업정보(saramin.co.kr, (주)지비) 매출 125억689만원·직원12명. 홈페이지 gbhammer.com(SSL오류로 직접확인 제한). 제품·연혁 komachine.com/ko/companies/gb-indistries","확인요(동명 2법인,상호 짧음) ｜ CSV 업종 '알루미늄 주물 주조업'은 국민연금 분류 오기로 보이며 실제 유압브레이커 제조. 동명 2법인 주의"
정회원,지성중공업,http://www.koreahammer.com,충북 음성군,충청북도 음성군 대소읍 대물로,그 외 자동차용 신품 부품 제조업,13,148,2024,"굴착기용 유압 브레이커 제조 및 건설기계 부품 (브랜드 Koreahammer, 충북 음성 대소읍)",불명,"국민연금('26.5) ｜ [조사] 사람인 기업정보(saramin.co.kr, 지성중공업(주)) 매출 148억697만원·직원12명. 홈페이지 koreahammer.com. WebSearch 별도 출처는 2023년 191억 제시(연도 상이)","출처별 매출 상이(사람인 최신 148억 채택, 2023년치 191억). 부설연구소 홈페이지 명시 확인 못함"
정회원,진명프리텍,http://www.jmft.co.kr,인천 남동구,인천광역시 남동구 남동동로,금속 절삭기계 제조업,141,472,2024,"WET-CLUTCH/WET-BRAKE용 마찰재(FRICTION DISC·STEEL PLATE) 및 SUB ASSEMBLY 부품, 중장비·농기계·산업기계 OEM 공급",불명,"국민연금('26.5) ｜ [조사] 잡코리아(매출 2024년 472억, 2023 511억, 2022 535억) https://www.jobkorea.co.kr/Recruit/Co_Read/C/jmftcom ; 제품=사람인/잡코리아. 홈페이지(jmft.co.kr) SSL 인증서 오류로 연구소 표기 미확인","사람인 2021년 매출 368억(125명)과 정합. 인천 남동구 마찰재 전문 제조사로 동명 회사 없음, 확신 높음"
정회원,진성티이씨,http://www.jinsungtec.com,경기 평택시,경기도 평택시 세교산단로,건설 및 채광용 기계장비 제조업,210,3905,2024,건설중장비 무한궤도식 하부주행체(언더캐리지) 부품 — 트랙롤러·캐리어롤러·아이들러 등,불명,"국민연금('26.5) ｜ [조사] FnGuide Company Guide 코스닥 036890 연결 2024/12 매출 3,905억(2023 4,851억, 2025 4,638억) https://comp.fnguide.com/SVO2/asp/SVD_Main.asp?gicode=A036890 ; 제품=언론·DART. 홈페이지(jinsungtec.com)는 연구소 표기 미확인","코스닥 상장사, 평택 본사, 매출 신뢰도 높음(연결 기준)"
정회원,청우에이티에스,http://www.cwats.co.kr,인천 미추홀구,인천광역시 미추홀구 염전로333번길,그 외 자동차용 신품 부품 제조업,42,,,"자동차·건설기계용 신품 부품 제조(주요업종 분류 기준), 인천 본사+군산 공장 추정",불명,"국민연금('26.5) ｜ [조사] 국민연금 가입자 42명 소기업. 홈페이지(cwats.co.kr) self-signed 인증서로 접속 불가, 캐치/잡코리아/나이스비즈인포에 공개 매출 데이터 미발견(동명 청우기업·청우산업·청우테크 다수로 식별 곤란). 비상장 소기업으로 공개 매출 없음","동명 다수, 정확한 식별 자료 부족 — 매출 미상 처리"
정회원,커민스코리아,http://www.cummins.co.kr,서울 강남구,서울특별시 강남구 영동대로,상품 종합 도매업,43,82,2023,"커민스 디젤·가스엔진 및 부품, 발전기 도매·판매(상품 종합 도매업)",무,국민연금('26.5) ｜ [조사] 캐치 재무평가(2023.12 기준 매출 82억) https://www.catch.co.kr/Comp/CompInfo/114684 ; 서울 강남 소재 전기기계 도매 법인(43명)으로 천안 소재 '커민스판매써비스코리아'(2024 매출 659억)와는 별개 법인,서울 강남 도매 법인과 천안 제조판매 법인 구분 주의. 도매 판매법인으로 부설연구소 무
정회원,컴씨스,http://www.comesys.net,부산 강서구,부산광역시 강서구 과학산단1로,그 외 자동차용 신품 부품 제조업,38,78,2022,"비접촉식 Hall Effect 센서 기반 전자식 가속페달, 조이스틱·핸드 컨트롤, 센서·컨트롤러 — 건설기계·산업차량·농기계용",유,"국민연금('26.5) ｜ [조사] 캐치(2023.6 공시 기준 매출 78억) https://www.catch.co.kr/Comp/CompSummary/020048 ; 제품=홈페이지 comesys.net 및 코머신. 연구소=코머신 '2006.6 한국산업기술진흥협회 기업부설연구소 선정', 사내 EMC·HALT/HASS 시설 보유","확인요(상호 짧음) ｜ 부산 강서구, 33~38명 소기업. 매출 기준연도는 2022 회계연도 추정"
정회원,컴윈스,http://www.comwins.com,경기 시흥시,경기도 시흥시 소망공원로,기타 반도체 소자 제조업,42,156,2022,"정밀판금(건설기계 커버·전기차 충전기 샷시), 시스템 조립(EMS), 액체 도장 — 절단부터 도장까지 일괄 생산",유,"국민연금('26.5) ｜ [조사] 검색 기업정보(매출 156.7억, 업종 건설·채광용 기계장비 제조) ; 제품·연구소=홈페이지 comwins.com('건설기계 커버 판금사업' 명시, '연구개발' 섹션에 시험·측정설비·특허·인증 보유)","확인요(상호 짧음) ｜ 경기 시흥, 158명 규모. 홈페이지에 연구개발 섹션 명시되어 연구소 유로 판단"
정회원,케이씨엠,,경기 시흥시,경기도 시흥시 수풀안길,통신ㆍ방송장비 및 부품 도매업,3,,,통신·방송장비 및 부품 도매(국민연금 업종 기준),불명,"국민연금('26.5) ｜ [조사] 홈페이지 없음. 비고 '동명 2법인' 플래그, 국민연금 가입자 3명 소기업. 시흥 소재·통신방송장비 도매 조건에 맞는 공개 매출 데이터 확인 불가(saramin/jobkorea 검색결과는 케이씨엠솔루션·케이씨엠테크놀로지 등 동명 타법인). 매출 미확인.",확인요(동명 2법인) ｜ 동명 2법인으로 확정 매칭 불가. 건설기계 직접 제조사 여부도 불명(국민연금 업종은 통신방송장비 도매).
정회원,케이씨이피중공업,http://www.kcppump.com,,,,,766,2024,"콘크리트 펌프카(콘크리트펌프) 제조, 특장차·플랜트",불명,"[조사] 홈페이지(kcppump.com) 제품·소개에서 콘크리트펌프카 확인, 연구소 표기 없음. 매출 765억9,865만원(saramin.co.kr, 2024년 기준 추정)·잡코리아 슈퍼기업관. 국내 콘크리트펌프 1위, 직원 약101명.","국민연금 미매칭 ｜ 과거 1,200억(2016) 보도도 있으나 최근(2024) 공개치는 약766~800억대."
정회원,킨메탈,,,,,,,,"불명(건설기계 관련 금속부품 추정, 미확인)",불명,[조사] 홈페이지 없음. 비고 '국민연금 미매칭'. 국내 '킨메탈' 기업정보 검색 결과 없음(검색결과는 중국 Kin Metal(kinmetal.cn) 등 해외 동명사). 공개 매출 데이터 확인 불가.,국민연금 미매칭 ｜ 국민연금 미매칭·국내 공개정보 부재로 식별 불가. 저신뢰.
정회원,탑드릴,http://www.topdrill.kr,경기 시흥시,경기도 시흥시 마유로,톱 및 호환성 공구 제조업,22,,,"DTH 해머·비트, 오버버든 드릴링 시스템, 클러스터 드릴, 드릴 비트 등 천공장비",불명,"국민연금('26.5) ｜ [조사] 홈페이지(topdrill.kr) 제품 확인(DTH 해머/비트·오버버든 드릴링 시스템), 연구소 표기 없음. 1999년 설립, 50여개국 수출. 매출은 catch.co.kr 접속차단(HTTP429)으로 미확인, 국민연금 가입자 22명 소기업.",확인요(상호 짧음) ｜ 비고 '상호 짧음'. 시흥 마유로 소재로 협회 회원사와 일치 확인됨. 매출만 미확보.
정회원,태화물산,,인천 서구,인천광역시 서구 검단로188번길,철도 차량 부품 및 관련 장치물 제조업,20,71,2024,"철도차량부품, 굴삭기부품, 펌프카부품, 지게차부품 등 중장비·철재부품",불명,"국민연금('26.5) ｜ [조사] saramin.co.kr 기업정보: 매출 70억9,827만원(최근/2024 추정), 직원 20명, 주요제품 철도차량·굴삭기·펌프카·지게차 부품. 1995년 설립. 인천 서구 소재 일치.",홈페이지 없음으로 연구소 여부 불명.
정회원,토피도티엔에이,http://www.torpedotna.com,경기 화성시,경기도 화성시 만세구 양감면 개월안길,건설ㆍ광업용 기계 및 장비 도매업,10,35,2025,굴착기용 유압브레이커(함마) 등 어태치먼트(셔/펄버라이저/크러셔/그래플/퀵커플러 등),불명,"국민연금('26.5) ｜ [조사] 홈페이지(torpedotna.com) 제품 확인(유압브레이커 등 어태치먼트), 연구소 표기 없음. 매출 35억2천만원(잡코리아, 2025 기준, 전년比 30%↓)·2017년 54억(인크루트). 2004년 설립, 화성시 양감면 소재 일치, 직원 약20명.",동일 화성 양감면의 수산중공업과는 별개 법인(혼동 주의).
정회원,티엠시,http://www.tmcltd.co.kr,전북 김제시,전북특별자치도 김제시 백산면 지평선산단3길,그 외 자동차용 신품 부품 제조업,39,,,이종소재 접합(바이메탈/클래드) 내마모 부품 — 건설중장비·프레스장비·자동차용 부품,불명,"국민연금('26.5) ｜ [조사] 홈페이지(tmcltd.co.kr): 2001년 대우중공업 출신 창업, 소재접합 전문, 특허 40여건, 2013 김제 지평선산단 공장 신설. 매출은 공개 미확인(39인 소기업). 동명 '(주)티엠씨'(김해 선박부품 1,853억)는 별개 법인이므로 제외. 출처: 홈페이지, saramin","확인요(동명 2법인,상호 짧음) ｜ 동명 2법인 — 김제 백산면 소재 자동차/건설중장비 부품 법인으로 한정. 매출 미공개"
정회원,펜타중공업,http://www.pentatrade.co.kr,,,,,,,"불명 (건설기계 관련 추정, 확인 불가)",불명,"[조사] 홈페이지(pentatrade.co.kr) 접속불가, 국민연금 미매칭. catch/saramin/jobkorea 등에서 '펜타중공업' 매칭 기업 미발견(펜타웍스·펜타시스템 등 동음 타사만 존재). 출처: WebSearch",국민연금 미매칭 ｜ 공개 정보로 식별 불가 — 매출·제품 확인 실패
정회원,포큐텍,http://www.poqutec.com,인천 미추홀구,인천광역시 미추홀구 경인로,상품 종합 도매업,4,18,2024,유압 브레이커(파쇄해머)·바이브로리퍼·크러셔·퀵커플러 등 굴착기 어태치먼트,불명,"국민연금('26.5) ｜ [조사] 홈페이지(poqutec.com): 데몰리션/건설 어태치먼트 제조, 연구소 표기 없음. 매출 18억2,790만원(NICE평가정보, saramin 2025-12 갱신)·직원 4명. 출처: 홈페이지, saramin",확인요(상호 짧음) ｜ 인천 미추홀구 4인 소기업(도매업 코드). 매출 ≈18억
정회원,포클레인하이드롤릭스(유),http://www.poclain-hydraulics.com,,,,,,,유압모터·펌프·밸브 등 유압 동력전달장치(프랑스 Poclain Hydraulics 한국법인),불명,"[조사] 본사(poclain.com): 유압모터/펌프 제조. 한국 유한회사 별도 매출 비공개(외국계 유한회사, DART/saramin 재무 미공개). 국민연금 미매칭. 출처: WebSearch",국민연금 미매칭 ｜ 한국법인 공개 매출 없음 — 비상장 외국계 유한회사
정회원,프로에버,http://www.proever.co.kr,,,,,,,불명 (확인 불가),불명,"[조사] 홈페이지(proever.co.kr) 접속불가, 국민연금 미매칭. catch/saramin/jobkorea/bizno에서 건설기계 '프로에버' 매칭 기업 미발견. 출처: WebSearch",국민연금 미매칭 ｜ 공개 정보로 식별 불가 — 매출·제품 확인 실패
정회원,하베코리아,http://www.hawe.kr,충남 천안시,충청남도 천안시 서북구 직산읍,그 외 기타 기계 및 장비 도매업,39,270,2018,"산업용·모바일 유압기기 부품(펌프·밸브 등), 독일 HAWE Hydraulik 한국법인(유압 도매·제조)",불명,"국민연금('26.5) ｜ [조사] saramin 재무: 매출 270억5,406만원(2018년 기준, 최근치로 표기)·직원 39명(국민연금). 1995년 설립, 충남 천안 직산. 홈페이지(hawe.kr) 접속불가로 연구소 미확인. 출처: saramin, hawe.com",공개 최신 재무가 2018년 270억 — 이후 수치 미공개
정회원,한국기전공업,http://www.okmc.co.kr,인천 미추홀구,인천광역시 미추홀구 방축로,그 외 자동차용 신품 부품 제조업,28,132,2024,굴삭기 운전실(캐빈) 조립·건설기계용 신품 부품,불명,"국민연금('26.5) ｜ [조사] 잡코리아 기업정보(매출 131.6억, 2025.12.31 기준) / 인크루트 채용공고(매출 143.5억, 사원 43명) / 굴삭기 운전실 SUB 조립 채용공고로 제품 확인. 홈페이지 okmc.co.kr 접속불가로 부설연구소 불명",지역(인천 미추홀)·자동차부품 업종 일치. 매출은 잡코리아 131.6억과 인크루트 143.5억이 혼재하여 가장 보수적·최신값 채택
정회원,한국노드락,http://www.nord-lock.co.kr,,,,,38,2021,"쐐기형 풀림방지 와셔(Nord-Lock), 텐셔너(Superbolt/Boltight) 등 볼트 체결 솔루션",불명,[조사] 사람인 재무정보(주)노드락코리아 매출 38억(2021) / WebSearch. 스웨덴 Nord-Lock Group 한국지사(경기·부산 사무소). 홈페이지 nord-lock.co.kr 접속불가(현 nord-lock.com),"국민연금 미매칭 ｜ CSV 국민연금 미매칭. 한국법인=(주)노드락코리아로 추정, 최신 매출 미확인으로 2021년값 사용"
정회원,캄소대륙,http://www.camso.co,,,,,,,"건설·농기계용 고무트랙(궤도), 미니굴착기·스키드로더용 타이어 (Camso, 미쉐린 그룹)",불명,"[조사] WebSearch. Camso=구 Camoplast Solideal, 현 Michelin 자회사. 한국 별도 법인 매출 미공개. CSV 국민연금 미매칭·국내 사업장주소 없음",국민연금 미매칭 ｜ 외국계(미쉐린) 유통/지사 성격으로 공개된 국내 매출 없음
정회원,한국프츠마이스터,http://www.putzmeister.co.kr,경기 시흥시,경기도 시흥시 엠티브이28로,건설 및 채광용 기계장비 제조업,6,28,2023,"콘크리트펌프(펌프카) 및 액체펌프, 건설장비 (독일 Putzmeister/중국 Sany)",불명,"국민연금('26.5) ｜ [조사] WebSearch(cookiedeal 기업정보): 매출 28.2억, 영업이익 -1.4억. 사업자번호 120-81-78117. 홈페이지 putzmeister.co.kr 접속불가",지역(경기 시흥)·건설기계장비 업종 일치. 한국법인 영업·서비스 규모로 매출 소규모
정회원,한독하이드로릭,http://www.hydraulic.co.kr,경남 김해시,경상남도 김해시 주촌면 골든루트로130번길,금속 절삭기계 제조업,73,500,2024,"건설중장비·산업용 유압기기(펌프·모터·밸브·레귤레이터), 유압 실린더",유,"국민연금('26.5) ｜ [조사] WebSearch(잡코리아/인크루트): 2024년 매출 500억·직원 120명, 전년比 20%↑. 홈페이지 hydraulic.co.kr(유압펌프/모터/밸브 제품 확인). 부설연구소=잡코리아 '한독하이드로릭 부설연구소 연구원 모집' 채용공고로 확인","지역(경남 김해 주촌)·유압 업종 일치. CSV 73명은 국민연금 일부값, 실제 100~120명대"
정회원,한성특수장비,http://www.ehansung.net,경기 안산시,경기도 안산시 단원구 엠티브이2로,도장 및 기타 피막 처리업,30,225,2024,유압브레이커용 부품(치즐·피스톤·실린더·백헤드·프론트헤드) 제조 및 열처리,불명,"국민연금('26.5) ｜ [조사] 사람인 기업정보(매출 225.4억, 2026.5 조회·30명) / WebSearch(292.3억). 홈페이지 ehansung.net(유압브레이커 치즐·부품 열처리 확인). 부설연구소 명시 없음",지역(경기 안산 단원)·업종 일치. 용진스테코 계열. 출처별 매출 225억/292억 혼재로 사람인 최신 225억 채택
정회원,한세코리아,http://www.hansekorea.co.kr,서울 금천구,서울특별시 금천구 서부샛길,산업용 냉장 및 냉동장비 제조업,5,27,2023,"산업용 냉장·냉동장비 제조(쇼케이스 등), 사출기부품·도면·무역",불명,"국민연금('26.5) ｜ [조사] 잡코리아 기업정보(매출 26억7천만원·13명·2023.12), bizno.net. 홈페이지(hansekorea.co.kr) self-signed 인증서로 접속 불가→연구소 표기 확인 불가",서울 금천구 소재 일치(잡코리아/캐치). bizno상 주요제품 감속기·모터·공작기 도매 병행
정회원,혜인,http://www.haein.com,서울 서초구,서울특별시 서초구 동산로,건설ㆍ광업용 기계 및 장비 도매업,260,2488,2024,"캐터필라 건설기계·엔진·발전기 및 부품 한국 총판, 정비서비스, 융하인리히 물류장비",불명,"국민연금('26.5) ｜ [조사] 더페어 기업진단 기사 및 KIND 사업보고서(2024년 별도 매출 2488억, 전년 2760억). 홈페이지(haein.com) 회사소개에 연구소 표기 없음. 상장사 코드 003010","확인요(동명 3법인,상호 짧음) ｜ 상장 도매/총판사. 동명 3법인 중 서울 서초 상장 혜인으로 확정"
정회원,화승에스피,,,,,,,,불명(특정 불가),불명,[조사] CSV상 홈페이지·지역·업종 모두 공란이며 '국민연금 미매칭' 표기. 웹검색 시 화승그룹 계열사(화승코퍼레이션·화승R&A·화승케미칼 등)만 검색되고 '화승에스피'라는 법인은 공개 기업정보에서 확인되지 않음,"국민연금 미매칭 ｜ 동명/유사명 다수, 정확 매칭 불가하여 매출 공란 처리"
정회원,영창이엔지,http://-,경남 창원시,경상남도 창원시 의창구 평산로8번길,해당없음,42,138,2025,"선박엔진·방산엔진·굴삭기용 정밀가공 부품(오일펌프·워터펌프·밸브블록·쿠션링 등), 금속절삭가공",불명,"국민연금('26.5) ｜ [조사] 캐치(catch.co.kr/258218: 매출 138억·52명·2025.12), 사람인·잡코리아·jobploy. 주소(창원 의창구 평산로8번길 19-15) CSV와 일치. 연구소 표기 확인 불가","확인요(동명 3법인) ｜ CSV 주소와 정확 일치로 동명 3법인 중 확정. CSV 고용 42명, 캐치 52명 규모 정합"
정회원,진성씨앤아이,http://www.jinsung.cc,경기 화성시,경기도 화성시 만세구 남양읍 활초길15번길,기타 건축용 나무제품 제조업,6,,,가정용·산업용 공기조화장치(HVAC) 제조 및 기계설비 공사,불명,"국민연금('26.5) ｜ [조사] 사람인·머니핀·나이스비즈인포·rndcircle: 경기 화성시 남양읍 활초길15번길 34-47 소재, 공기조화장치 제조업(C29172), 2021.07 설립 벤처기업·비외감 소기업. 매출 공개치 없음(비외감)",CSV 주소(화성 남양읍 활초길15번길)와 일치하는 HVAC 벤처로 확정. CSV의 홈페이지 jinsung.cc는 대구 달성군 동명 기계설비社로 별개. 비외감 소기업이라 공개 매출 없음
정회원,코릴,http://www.koreel.com,인천 서구,인천광역시 서구 가석로,동력식 수지 공구 제조업,92,338,2025,"산업용 릴(호스릴·케이블릴·에어릴·오일릴), 특수차량용 릴(소방차·크레인트럭·고가사다리차), AMP시스템",불명,"국민연금('26.5) ｜ [조사] 사람인(매출 337억8천만원·94명·2026 기준), 캐치, 중기이코노미 기사. 홈페이지(koreel.com) 회사소개·뉴스에 연구소 명시 없음(매출 5~8% R&D 투자 언급은 있음)","확인요(상호 짧음) ｜ 인천 서구 가석로 소재 일치(CSV 92명, 사람인 94명 정합). 군산 제2공장 보유"
정회원,모딘원진,http://www.modineonegene.com,,,,,343,2024,"건설중장비·농기계용 열교환기(라디에이터, 오일쿨러, 인터쿨러, 쿨링모듈)",불명,"[조사] 사람인/캐치 기업정보(매출 343억), 회사개요 moc.onegene.com — 미국 Modine·원진 합작법인, 충북 진천. 홈페이지상 부설연구소 명시 미확인",국민연금 미매칭 ｜ CSV에 데이터 공란이었으나 모딘원진(유) 건설기계 열교환기 제조사로 식별. 매출 기준연도는 기업정보 사이트 표기 추정
정회원,액트,http://www.actsystem.co.kr,울산 중구,울산광역시 중구 동천1길,기타 화학 물질 및 화학제품 도매업,6,,,불명(국민연금 업종: 기타 화학물질·화학제품 도매업),불명,"국민연금('26.5) ｜ [조사] 홈페이지(actsystem.co.kr) 도메인 불일치(부동산 분양 페이지 반환), 웹검색상 울산 중구 소재 '액트'(6인 규모) 동명법인 다수로 확정 불가","확인요(상호 짧음) ｜ 상호 짧음·동명 다수, 지역(울산 중구) 일치 기업 매출 미확인. 저신뢰"
정회원,커머스,http://www.comers.kr,경기 김포시,경기도 김포시 고촌읍 장차로13번길,전자상거래 소매업,4,,,불명(국민연금 업종: 전자상거래 소매업),불명,"국민연금('26.5) ｜ [조사] 홈페이지(comers.kr) SSL 인증서 불일치로 접속불가, 웹검색상 김포 고촌 소재 '커머스'(4인) 동명 2법인 확정 불가","확인요(동명 2법인,상호 짧음) ｜ 상호 짧음·동명 2법인, 4인 소기업으로 공개 매출 없음. 저신뢰"
정회원,크린텍,http://www.cleantechco.co.kr,서울 서초구,서울특별시 서초구 효령로,기타 산업용 기계 및 장비 도매업,48,,,"산업용 기계·장비 도매(추정), 분야 불명",불명,"국민연금('26.5) ｜ [조사] 홈페이지(cleantechco.co.kr)는 청소차 케어서비스 페이지로 서초구 산업용기계 도매 '크린텍'과 불일치, 캐치 검색상 동명 3법인(한성크린텍 등) 확정 불가","확인요(동명 3법인,상호 짧음) ｜ 동명 3법인·상호 짧음, 서초구 48인 법인 매출 미확인. 저신뢰"
정회원,아이에프엠일렉트로닉,http://www.ifm.com/kr,서울 용산구,서울특별시 용산구 독서당로,전기용 기계ㆍ장비 및 관련 기자재 도매업,27,161,2024,"산업용 자동화 센서(위치·프로세스·모션센서, 세이프티 기술, 산업통신시스템) — 독일 ifm 한국지사",불명,"국민연금('26.5) ｜ [조사] 인크루트/사람인 기업정보 및 industrynews 보도(2024년 매출 160억7,308만원, 2023년 156억). 한국법인은 판매지사로 부설연구소 명시 없음",독일 ifm electronic 한국법인(2007 설립). 건설기계 직접 제조 아닌 센서 공급사
정회원,코트랙,http://www.kotrack.com,서울 노원구,서울특별시 노원구 화랑로,상품 종합 도매업,6,200,2023,굴삭기 하부주행체·부품(트랙·언더캐리지) 수출 및 LOVOL·DJI 건설장비 딜러,불명,"국민연금('26.5) ｜ [조사] 핸드메이커 인터뷰(handmk.com, 연매출 200억대 유지·글로벌강소기업 지정), kotrack.com. 부설연구소 명시 미확인","확인요(동명 2법인,상호 짧음) ｜ 연매출 200억대 유지로 보도된 근사치(정확 연도/공시 미확인). 굴삭기 부품 전문 수출기업"
정회원,지엔기계기술,http://-,,,,,,,불명 (식별 가능한 웹 정보 없음),불명,"[조사] CSV상 홈페이지 'http://-'(없음), 국민연금 미매칭. 웹에서 동일 상호 식별 불가 — 매출/제품/연구소 확인 불가","국민연금 미매칭 ｜ 회사 식별 불가, 정보 없음"
정회원,이엠코리아,http://www.yesemk.com,강원 원주시,강원특별자치도 원주시 문막읍 문막공단길,광물 처리 및 취급장비 제조업,9,,,"환경플랜트·폐기물 파·분쇄기, 트롬멜, 풍력선별기, 컨베이어 등 광물/골재 처리장비",불명,"국민연금('26.5) ｜ [조사] 사람인/잡코리아 검색 스니펫(대표 이호길, 강원 원주 문막공단길, 직원 12명, 파분쇄기 제작). 홈페이지(yesemk.com) 인증서 만료로 접속 불가, 연구소 표기 미확인. 매출은 catch 등 유료자료로 미확인","확인요(동명 2법인) ｜ 코스닥 상장 이엠코리아(095190, 경남 함안 공작기계)와는 동명이인 별개 법인. 본 건은 원주 문막 광물처리장비社"
정회원,인곡산업,http://www.inkok.co.kr,경기 화성시,경기도 화성시 만세구 향남읍 만년로151번길,톱 및 호환성 공구 제조업,9,,,"절삭공구(텅스텐카바이드, 마이크론드릴, 건드릴, 리밍드릴 등) — 1993 설립",불명,"국민연금('26.5) ｜ [조사] WebSearch 스니펫(잡코리아/홈페이지 inkok.co.kr): 'The Leader of Tool Tech', 화성 양감 사창리 공장, 정밀 절삭/드릴공구. 홈페이지 self-signed 인증서로 직접 fetch 불가, 연구소 표기 미확인. 매출 비공개(소기업)",건설기계 직접 부품보다는 절삭/드릴 공구 제조
정회원,광성지엠,http://www.wcrdt.com,경기 화성시,경기도 화성시 만세구 남양읍 남양로,산업용 냉장 및 냉동장비 제조업,18,,,"지반천공기, 강관다단 보강재, 그라우팅 믹서/펌프, DTH 함마·비트(Wildcat 브랜드) — 건설/채광용 천공장비",불명,"국민연금('26.5) ｜ [조사] 홈페이지 wcrdt.com(WebFetch: DTH Hammer/Bit, RC Hammer&Bit, Overburden Drilling System) + 대한경제/한국일보/사람인 스니펫(2000년 설립, 화성, 직원 19~30명, 특허·신기술 50여종, 수출 실적). 연구소 명시 미확인, 매출은 catch 유료자료로 미확인",특허 50여종 보유로 R&D 활동은 활발하나 홈페이지상 '부설연구소' 명문 표기는 미확인
정회원,대산머터리얼즈,http://www.dsmparts.co.kr,서울 영등포구,서울특별시 영등포구 버드나루로12가길,상품 종합 도매업,8,,,"건설기계 부품 종합 도매(사무소 서울 영등포, 창고 경기 화성) — Daesan Materials",불명,"국민연금('26.5) ｜ [조사] WebSearch 스니펫(Daesan Materials: 영등포 사무소·화성 창고, 건설기계 부품). 홈페이지 dsmparts.co.kr/m.dsmparts.co.kr 도메인 만료(anybuild 파킹)로 접속 불가. 직원 8명(국민연금) 소규모 도매업, 매출 공개자료 미확인",제조사 아닌 부품 도매업(국민연금 업종='상품 종합 도매업')
정회원,동성정공,http://www.dongsungi.com,경북 경주시,경상북도 경주시 외동읍 모화공단길,금속 문  창  셔터 및 관련제품 제조업,29,,,"조선 배관, 선박 블록, 유압피팅·유압호스, 건설장비(건설기계) 부품 — 조선기자재·유압피팅",불명,"국민연금('26.5) ｜ [조사] 홈페이지 dongsungi.com(WebFetch: 조선 배관/유압피팅/유압호스/건설장비 부품/선박 블록, '조선기자재·유압피팅 선도업체') + 사람인 스니펫(경주 외동 모화공단길, 대표 이창헌, 직원 29명). 홈페이지 연구소 표기 없음(2021 KIOST 협력 기사만 존재). 매출은 catch 유료자료로 미확인",확인요(동명 5법인) ｜ 동명 5법인 중 경주 외동 dongsungi.com 법인으로 확정. 사람인의 '매출 626억' 스니펫은 직원 29명 규모와 불일치(오기 가능성)하여 미채택
정회원,림스코,http://www.ajce.co.kr,경기 고양시,경기도 고양시 일산동구 일산로,유압 기기 제조업,52,341,2025,"유압기기(유압밸브 주문제작·유압시스템 설계)·유압테스트 장비, 유압부품 도소매",불명,국민연금('26.5) ｜ [조사] 잡코리아(jobkorea.co.kr/company/45142722) 매출 341.4억·56명(2025.12.31); 홈페이지 ajce.co.kr는 SSL 인증서 오류로 연구소 확인 불가,"확인요(동명 2법인,상호 짧음) ｜ 고용현황 52(국민연금)과 잡코리아 56명 일치, 고양시 일산 유압기기 동일 법인 확인"
정회원,미쉐린 코리아,http://www.michelin.co.kr,서울 송파구,서울특별시 송파구 법원로11길,자동차 신품 타이어 및 튜브 판매업,95,1984,2024,타이어(승용/SUV/상용 및 건설·광산용 중장비 타이어) 판매,불명,"국민연금('26.5) ｜ [조사] 사람인(saramin.co.kr) 미쉐린코리아 2024년 매출 1,983억7,259만원(전년比+19.9%); 홈페이지 michelin.co.kr는 연구소 명시 없음(글로벌 본사 R&D)","프랑스 미쉐린 한국 판매법인, 건설기계 협회 회원사로는 타이어 공급사"
정회원,부원로드텍,http://www.buwonroadtec.com,,,,,,,"제설장비(로드렉스 살포기), 도로관리기, 공업용 배합기·믹서기, 레미콘 차량감속기, 펌프",불명,[조사] 홈페이지 buwonroadtec(한글도메인 xn--hy1bj0e1wfqtlw9m.com) 제품 확인; 비상장·국민연금 미매칭 소기업으로 공개 매출 없음(catch/saramin/nicebizinfo 미검색),국민연금 미매칭 ｜ 주력은 제설·도로관리 장비. 매출 공개정보 없음
정회원,삼보CMC,http://www.sambocmc.com,,,,,158,2023,"기초토목장비(대구경 천공·지하연속벽), 대교설치장비, 바지선 승하강장치, 터널·해상장비 등 건설용 중장비",불명,"[조사] 사람인(saramin.co.kr csn 6158117812) 매출 158억1,120만원·33명; 제품은 komachine·sambocmc.co.kr. 매출 기준연도 명시 없어 최근 결산(약 2023) 추정","국민연금 미매칭 ｜ 정식명 삼보씨엠씨(주). 매출 기준연도 불확실, 직원 33명 규모와 정합"
정회원,상도인터내셔널,http://www.sangdo.co.kr,,,,,,,불명(홈페이지 sangdo.co.kr 접속 불가 — 건설기계 관련 무역/부품 추정),불명,"[조사] 홈페이지 sangdo.co.kr SSL 인증서 오류로 접속 불가, 동명 다수(상도테크·상도전기 등)로 명확 매칭 불가; 비상장 소기업 공개 매출 없음","국민연금 미매칭 ｜ 동명 법인 다수로 식별 곤란, 신뢰 가능한 데이터 확보 실패"
정회원,신우몰딩,http://-,울산 울주군,울산광역시 울주군 언양읍 반천산업로,주형 및 금형 제조업,29,,,주형 및 금형 제조(국민연금 업종 기준),불명,"국민연금('26.5) ｜ [조사] 홈페이지 미개설(http://-); 울산 울주 언양 반천산업로 소재, 국민연금 가입 29명 소기업으로 catch/bizno/saramin에 공개 매출 없음","직원 29명 소기업, 공개 매출 미확인. 업종(주형·금형)만 확인"
정회원,씨제이피파츠,http://www.cjparts.co.kr,경기 파주시,경기도 파주시 운정1길,상품 종합 도매업,6,,,"굴착기용 부품 유통(스윙베어링·유압실린더·핀/부시·언더캐리지·최종구동·유압펌프 등), 자체브랜드 TOKOR",무,"국민연금('26.5) ｜ [조사] 홈페이지 cjparts.co.kr (회사소개) — 굴착기 부품 딜러/유통, 연구소 언급 없음. 매출: 비상장 소규모(국민연금 6명) 공개 재무 미확인","1999년 설립 굴착기 부품 유통사, 70여개국 수출. 매출 비공개"
정회원,아진KSB,http://www.ajinksb.com,,,,,,,"불명 (건설기계 관련 추정, 미확인)",불명,"[조사] 홈페이지 ajinksb.com 접속 불가(DNS 미해석), 웹검색·catch/잡코리아 모두 미매칭. CSV도 국민연금 미매칭","국민연금 미매칭 ｜ 동명/정보 부재로 식별 불가, 매출·업종·연구소 모두 확인 불가"
정회원,알파테크,http://www.alfa-tech.co.kr,경기 화성시,경기도 화성시 효행구 정남면 만년로,금속 문  창  셔터 및 관련제품 제조업,53,5.8,2022,"판금가공·구조용 금속판넬 제품 제조(커버·프레임·스테인리스 가공), 일부 반도체장비용 판금",불명,"국민연금('26.5) ｜ [조사] 사람인 기업정보(주소 화성시 정남면 만년로 635-22 일치, 매출 약 5억7,956만원, 사원 35명·2022), 홈페이지 alfa-tech.co.kr 인증서 오류로 미확인",확인요(동명 4법인) ｜ CSV 비고 '동명 4법인' — 주소·업종(금속 문/창/셔터 제조) 일치하는 화성 정남면 법인으로 매칭. 건설기계 전용보다 일반 판금/금속패널 제조에 가까움. 매출 소액으로 저신뢰
정회원,에스티커넥션,,,,,,,,불명,불명,"[조사] CSV에 홈페이지·지역·업종 전무, 국민연금 미매칭. 웹 식별 불가","국민연금 미매칭 ｜ 회사명만 존재, 동명 다수로 식별 불가"
정회원,원진에이티,http://www.wonjinkorea.com,서울 영등포구,서울특별시 영등포구 선유로13길,상품 종합 도매업,9,40,2021,"건설장비·상용차용 엔진 수입유통(이탈리아 FPT 한국공식대리점), 발전기·기계장비 판매/정비",불명,"국민연금('26.5) ｜ [조사] 웹검색(사람인·홈페이지 wonjinkorea.com) — 2021년 매출 약 39억9,663만원, FPT 엔진 국내총판(현대중공업 건설장비 등 공급). 홈페이지 자가서명 인증서로 직접 확인 제한, 연구소 언급 미확인","서울 영등포 소재, 국민연금 9명. 건설기계 완성차 아닌 엔진 수입/유통상"
정회원,제이비어태치먼트,Http://jbattachment.com,경기 안성시,경기도 안성시 공도읍 진사1길,건설 및 채광용 기계장비 제조업,11,,,건설·광업용 기계장비(굴착기 어태치먼트) 제조/도매,불명,"국민연금('26.5) ｜ [조사] bizno.net 사업자정보 — (주)제이비어태치먼트, 경기 안성, '건설·광업용 기계 및 장비 도매업'. 매출 등 재무 비공개, 홈페이지 jbattachment.com DNS 미해석",안성시 공도읍 소재(국민연금 11명) 어태치먼트 업체. 매출 미공개
정회원,조광정밀,,인천 계양구,인천광역시 계양구 서운산단로1길,기타 섬유  의복 및 가죽 가공기계 제조업,23,,,정밀기계가공 부품(섬유·의복·가죽 가공기계 관련),불명,"국민연금('26.5) ｜ [조사] 홈페이지 없음. WebSearch(인천 비즈OK·Textopia 등)로 동명 2법인 중 인천 계양구 조광정밀을 확정 매칭 불가, 공개 매출 미확인. 비상장 소기업(국민연금 23명)으로 공개 재무자료 없음.","확인요(동명 2법인) ｜ 동명 2법인, 지역 매칭 미확정 — 저신뢰"
정회원,지케이알,http://www.globalkr.com,경북 구미시,경상북도 구미시 고아읍 이례로,그 외 자동차용 신품 부품 제조업,43,,,차량용 전장품(계기판/디스플레이) 개발·양산 — 건설중장비·농기계용 클러스터,불명,"국민연금('26.5) ｜ [조사] 홈페이지 globalkr.com(SSL오류로 본문확인 불가). WebSearch(사람인/잡코리아/NICEbizinfo/인크루트): 2009년 설립 비상장 중소기업, 두산인프라코어·LS엠트론·대동공업 등 납품. 매출은 비공개(외감 아님). 국민연금 43명.","비상장 중소기업, 공개 매출 없음"
정회원,진기열처리,,,,,,,,금속 열처리(추정),불명,[조사] CSV상 국민연금 미매칭(지역·주소·업종 공란). WebSearch로도 '진기열처리' 단독 기업정보 확인 불가(진영열처리 등 유사명만 검색됨). 매출 미확인.,"국민연금 미매칭 ｜ 국민연금 미매칭, 동일 상호 식별 실패 — 저신뢰"
정회원,진우에스엠씨,http://www.jinwoosmc.com,전북 익산시,전북특별자치도 익산시 춘포면 석암로,그 외 자동차용 신품 부품 제조업,13,243,2023,특장차(소방차·무인파괴방수차·고소작업차·고가사다리차·전기특장차) 제조,유,"국민연금('26.5) ｜ [조사] 홈페이지 jinwoosmc.com(특장차 라인업 확인). WebSearch(전북일보·나무위키·잡코리아): 2023년 매출 242.8억원. 기업부설연구소 2010년 설립, ISO9001/14001 보유.",
정회원,케이엠티,http://www.kmtroll.com,전남 여수시,전라남도 여수시 상암로,금속 문  창  셔터 및 관련제품 제조업,63,,,롤(고성능 롤) 제조·고주파 유도열처리·콘크리트 펌핑용 이중금속관(EXLOY 1000),불명,"국민연금('26.5) ｜ [조사] 홈페이지 kmtroll.com(롤·EXLOY관·유도경화 제품 확인, 1984년 창립, 연구소 명시 없음). 동명 8법인이라 매출 출처 분리 곤란 — 여수 롤 제조 케이엠티는 비상장 소기업으로 공개 감사 매출 미확인. 국민연금 63명.","확인요(동명 8법인) ｜ 동명 8법인, 여수 롤 제조사 기준 / 공개 매출 없음"
정회원,코렌스,http://korens.co.kr,경남 양산시,경상남도 양산시 어곡동,BIZ_NO미존재사업장,348,3482,2024,"자동차·중장비·발전설비 부품(EGR쿨러 세계 1위, 인젝션노즐, 오일드레인튜브)",유,"국민연금('26.5) ｜ [조사] 홈페이지 korens.co.kr(친환경 열관리시스템). 사람인(csn 코렌스): 매출 348,165,980,000원(≈3,482억), 직원 349명(CSV 348과 일치). 기업부설연구소 2004년 KOITA 인증(WebSearch). 매출연도는 최신 공시(2024 회계연도) 기준 추정.",확인요(상호 짧음) ｜ 상호 짧음 플래그였으나 양산·EGR쿨러·직원수로 본사 코렌스 확정
정회원,큐클라스,http://www.qklass.com,,,,,,,굴착기 어태치먼트(유압브레이커·락스플리터·크러셔·집게·퀵커플러 등) 제조,불명,"[조사] WebSearch(gobizkorea/qklass.com): 2013년 설립 경기 소재 어태치먼트 제조사. 비상장 중소기업, 공개 매출 미확인. 홈페이지 연구소 표기 미확인.",국민연금 미매칭 ｜ 동명 큐라클/큐렉스 등과 혼동 주의 — 본사는 굴착기 어태치먼트 제조사로 확인
정회원,탑글로벌파츠,http://www.itopglobal.com,서울 영등포구,서울특별시 영등포구 영등포로,상품 종합 도매업,21,362,2024,"건설중장비 부품·완성품 수출(250여개국), 건설·광업용 기계장비 도매",불명,"국민연금('26.5) ｜ [조사] 잡코리아(jobkorea.co.kr/Recruit/Co_Read/C/topglobal1): 2024년 361.8억(2023 363.4억, 2022 268.4억). 서울 영등포 소재 일치. 연구소 표기 미확인.",
정회원,티앤에치코퍼레이션,http://www. tnhkorea.co.kr,,,,,,,"불명(건설기계 관련 추정, 미확정)",불명,"[조사] 국민연금 미매칭·지역정보 없음, 홈페이지(www.tnhkorea.co.kr) DNS 미해석으로 접속 불가. 동명 다수로 식별 불가, 공개 매출 확인 못함.","국민연금 미매칭 ｜ low-confidence: 회사 식별 불가(지역·업종 미상, 홈페이지 사망)"
정회원,파일머,http://www.pilemer.net,경기 화성시,경기도 화성시 만세구 팔탄면 고주동방길,건설 및 채광용 기계장비 제조업,4,,,유압해머(3~45톤급)·파워팩·오거 등 파일항타용 건설기계 제조,불명,"국민연금('26.5) ｜ [조사] komachine.com/ko/companies/pilemer: 건설·채광용 기계 제조(유압해머·파워팩·오거). 화성시 소재 일치. 국민연금 4명 소기업, 공개 매출 없음. 홈페이지 연구소 표기 미확인.","확인요(상호 짧음) ｜ 국민연금 4명 소규모, 매출 비공개"
정회원,플랜트존,http://www.plantzon.com,,,,,,,불명(미확정),불명,"[조사] 국민연금 미매칭·지역정보 없음, 홈페이지(www.plantzon.com) DNS 미해석으로 접속 불가. 식별 가능한 기업정보 확인 못함.","국민연금 미매칭 ｜ low-confidence: 회사 식별 불가(지역·업종 미상, 홈페이지 사망)"
정회원,한국구보다,http://www.koreakubota.co.kr,전북 김제시,전북특별자치도 김제시 백산면 자유무역길,농업 및 임업용 기계 제조업,101,2323,2024,"구보다(KUBOTA) 미니굴착기·농기계 수입·판매·정비, 건설·광업용 기계장치 도소매",불명,"국민연금('26.5) ｜ [조사] WebSearch(잡코리아/인크루트): 2024.12 매출 2,323.5억, 사원 101~103명. 전북 김제 백산면 자유무역지역 소재 일치. 수입·유통사로 부설연구소 표기 미확인.",구보다 한국 판매법인(수입·유통·정비)
정회원,한국엠엘,http://www.hkml.co.kr,경기 시흥시,경기도 시흥시 공단1대로322번길,금속 문  창  셔터 및 관련제품 제조업,20,60,2024,"중장비·기계부품 정밀가공, 산업용 기자재·항공기부품 제조",불명,"국민연금('26.5) ｜ [조사] 사람인 기업정보(매출 60억4천만원, 직원 20명), 홈페이지 hkml.co.kr 접속불가(DNS 오류)로 연구소 미확인","시흥 시화공단 소재, 중장비부품 가공전문 명시. 동명 ML 유사사명 다수이나 지역·업종으로 매칭"
정회원,광림,http://www.kanglim.com,충북 청주시,충청북도 청주시 서원구 현도면 청남로,화물 자동차 및 특수 목적용 자동차 제조업,123,921,2024,"특장차(크레인·소방·환경차량), 직진식·관절식 크레인",불명,"국민연금('26.5) ｜ [조사] 뉴스(topdaily, 머니투데이)·사람인 — 2024년 매출 921억·영업이익 60억. 홈페이지 kanglim.com에 연구소 명시 없음(기술자료실만 존재)","확인요(동명 3법인,상호 짧음) ｜ 충북 청주 소재 ㈜광림(코스닥 2024.11 상장폐지). 동명 3법인 중 청주 특장차 본사로 매칭"
정회원,광진기계,http://www.ikwangjin.com,충남 아산시,충청남도 아산시 인주면 인주산단로,그 외 자동차용 신품 부품 제조업,177,1230,2024,"자동차부품(윈도우레귤레이터·브레이크/클러치/엑셀페달), 플라스틱사출",불명,"국민연금('26.5) ｜ [조사] 사람인 기업정보 — 매출 1,229억6천만원, 직원 176명, 충남 아산 인주산단. 홈페이지 ikwangjin.com SSL 인증서 오류로 연구소 미확인",확인요(동명 3법인) ｜ 충남 아산 인주면 소재로 매칭(동명 3법인). 직원수 176명이 CSV 177과 일치
정회원,대덕기계,http://www.ddpto.com,인천 남동구,인천광역시 남동구 능허대로595번길,기어 및 동력전달장치 제조업,23,87,2024,"특장차용 감속기·PTO·윈치/스윙 감속기, 드라이브샤프트 등 동력전달장치",불명,국민연금('26.5) ｜ [조사] 사람인 기업정보 — 2025조회 매출 87억1천만원(2023년 70억). 홈페이지 ddpto.com 인증서 오류로 연구소 미확인,확인요(동명 2법인) ｜ 인천 남동구 능허대로 소재 ㈜대덕기계로 매칭(동명 2법인)
정회원,데스코,http://www.desco-inc.com,경북 칠곡군,경상북도 칠곡군 왜관읍 공단로9길,합성수지 및 기타 플라스틱 물질 제조업,47,766,2024,"엔지니어링 플라스틱·탄소섬유 복합소재 컴파운드/마스터배치, 자동차부품용 강화플라스틱",유,"국민연금('26.5) ｜ [조사] 사람인 기업정보 — 매출 765억5천만원, 직원 48명, 경북 칠곡 왜관, 기업부설연구소 2004년 8월 설립 명시. 홈페이지 desco.kr","확인요(동명 3법인,상호 짧음) ｜ 경북 칠곡 왜관읍 ㈜데스코로 매칭(동명 3법인). 직원 48명이 CSV 47과 일치. 전남 장성 데스코는 별개 법인"
정회원,동인중공업,http://www.msb.co.kr,인천 남동구,인천광역시 남동구 남동대로,기타 엔지니어링 서비스업,97,722,2024,"유압브레이커·어태치먼트(자체 브랜드 MSB), 건설·채광용 기계장비",유,"국민연금('26.5) ｜ [조사] 사람인 기업정보 — 매출 722억1천만원, 직원 96명, 인천 남동구, 기술부설연구소 보유 명시. 영문명 MSB CORPORATION, 유압브레이커 국내 수출 1위",홈페이지는 실제 msbcom.co.kr(CSV의 msb.co.kr). 직원 96명이 CSV 97과 일치
정회원,릴텍산업,http://www.reeltec.com,경기 남양주시,경기도 남양주시 화도읍 수레로,산업용 로봇 제조업,18,35,2021,산업용/특장차용 케이블릴·호스릴 등 권취장비 제조,불명,"국민연금('26.5) ｜ [조사] 사람인(릴텍산업 사원수 15명, 매출 35억80만원), 홈페이지 reeltec.com(케이블릴/호스릴). 홈페이지에 연구소 표기 확인 불가","홈페이지 SSL 인증서 불일치(hph.kr)로 본문 직접확인 제한, 제품은 검색·쇼핑몰로 확인"
정회원,바우컴퍼니,http://www.bawoocompany.co.kr,전북 정읍시,전북특별자치도 정읍시 북면 3산단4길,농업 및 임업용 기계 제조업,22,237,2022,스키드로더·트랙로더·휠로더·다목적작업장비 등 건설·농업기계 제조,불명,"국민연금('26.5) ｜ [조사] 사람인(바우컴퍼니(주) 2022년 매출 237억396만원), 홈페이지 bawoocompany.co.kr(제품). 캐치 기준 2023년 약 110억으로 감소. 홈페이지에 연구소 표기 없음",2022년 237억 → 2023년 약 110억으로 매출 변동 큼
정회원,에이치앤케이멕테크,http://www.hnkmectech.com,,,,,,,지게차·건설/물류장비용 안전시스템(카메라·모니터·제동·관제 시스템) 엔지니어링,불명,"[조사] 홈페이지 hnkmectech.co.kr(제품), 잡코리아/moneypin 기업정보에 매출 미공개. 비상장 소기업으로 공개 매출 확인 불가","국민연금 미매칭 ｜ 국민연금 미매칭(고용현황 없음), 매출 비공개"
정회원,우창,http://www.woochang21.co.kr,경기 화성시,경기도 화성시 만세구 서신면 전곡산단11길,금속 문  창  셔터 및 관련제품 제조업,25,211,2024,건설기계·농기계·지게차·상용차·방산장비용 시트(좌석)·서스펜션 제조,유,"국민연금('26.5) ｜ [조사] 홈페이지 woochang21.co.kr(R&D 연구소현황·연구장비 메뉴 명시 → 연구소 유; 건설기계 시트 제품), 사람인((주)우창 김해 매출 211억5,485만원, 49명)","확인요(동명 6법인,상호 짧음) ｜ CSV 지역(화성 서신면)·업종(금속셔터)은 국민연금 오매칭으로 추정. 홈페이지 실제 본사=경남 김해시 진영읍, 건설기계 시트 전문업체. 비고 '동명 6법인' 주의"
정회원,태강기업,http://www.taekang.net,충북 청주시,충청북도 청주시 서원구 현도면 죽암도원로,동력식 수지 공구 제조업,39,195,2023,특장차 전문(오거크레인·고소작업차·유압크레인·전기청소차),유,"국민연금('26.5) ｜ [조사] 검색(태강기업(주) 2023년 매출 194억6,561만원, 기업부설연구소 설립), 홈페이지 taekang.net(제품). 오거크레인 국내 점유율 70%",확인요(동명 3법인)
정회원,피에스디중공업,http://www.psdhi.com,,,,,9,2023,스키드로더·지게차 등 건설기계·농기계 제조 및 임대,불명,"[조사] 잡코리아(PSD중공업(주) 2023년 매출 9억1,430만원, 직원 5명, 스키드로더/지게차). 홈페이지 psdhi.com 접속불가(연구개발 투자 언급은 있으나 부설연구소 명시 없음)",국민연금 미매칭 ｜ 국민연금 미매칭. 소규모 제관·건설기계 업체
정회원,하이덱스,http://www.hyd-ex.co.kr,전북 군산시,전북특별자치도 군산시 장산로,일반 화물 자동차 운송업,6,271,2024,"화물운송·무역(사료원료·장류 등), 건설기계산업협회 준회원 물류·유통사",불명,"국민연금('26.5) ｜ [조사] 잡코리아(hydex 271.5억, 2024.12 기준, 군산 소룡동), 국민연금 업종=일반 화물자동차 운송업",건설기계 제조사가 아닌 화물운송·무역 법인(군산). 협회 회원으로 등재. 제품 제조 아님
정회원,허스코인터네셔널 한국지사,http://www.huscointl.com,,,,,,,건설·오프하이웨이 기계용 유압 밸브·제어 시스템 (미국 Husco International의 한국 영업지사),불명,"[조사] 네이버 웹문서(코넥스코리아 자료 등 Husco International Asia/한국지사 언급), CSV 비고=국민연금 미매칭",국민연금 미매칭 ｜ 미국 본사의 한국 영업지사로 별도 한국법인 공개 매출 없음. 본사는 굴착기 등 유압밸브 글로벌 공급사
정회원,태창이엔지,http://www.tcce.co.kr/,경남 고성군,경상남도 고성군 거류면 거류로,금속 문  창  셔터 및 관련제품 제조업,35,169,2024,"해양·육상 플랜트 및 발전설비 제작, 선박구성부분품·철구조물 용접제작(탄소강·비철·합금강)",불명,"국민연금('26.5) ｜ [조사] 잡코리아(company/45114537, 매출 169억·직원40명·대표 곽태영), saramin·moneypin(선박구성부분품, 고성군 거류면), 홈페이지 tceng.kr",확인요(동명 2법인) ｜ 동명 2법인 중 고성군 거류면 소재 정법인. 함안 군북면 태창이엔지(1.8억·2명)는 별개 법인. 홈페이지에 연구소 표기 미확인
정회원,삼영플랜트,http://www.syplant.co.kr/,경기 안성시,경기도 안성시 대덕면 시미실길,건설 및 채광용 기계장비 제조업,19,313,,"건설·광산용 파쇄·선별 플랜트(크러셔: 콘/임팩트 크러셔 등), 국내 점유 1위·40여국 수출",유,"국민연금('26.5) ｜ [조사] 알앤디잡(rndjob.or.kr E0086961: 매출 313억·직원70명·2009.1 기업부설연구소 승인), 홈페이지 syplant.co.kr",현대제철 크러셔 사업부 인수(2006) 기반. 기업부설연구소 보유 명시
정회원,현대티엠씨,http://hdtmc.co.kr/,경남 함안군,경상남도 함안군 가야읍 남문길,선박 구성 부분품 제조업,44,281,2025,"굴착기 핵심부품(Boom&Arm, Outrigger 등) 및 특수목적 굴착기 개조·특수작업장치(초고소해체·머티리얼핸들러)",유,"국민연금('26.5) ｜ [조사] 잡코리아(C/13250683: 매출 281.6억·직원65명·2025.12 기준, 대표 오길봉), komachine.com(기업부설 기술연구소 운영 명시), 네이버뉴스(함안 가야농공단지 156억 투자협약·90명 고용)","건설/채광용 기계장비 제조. 글로벌 강소기업. 본사 창원, 함안 가야읍에 굴삭기 부품공장 신설. 기업부설 기술연구소 보유"
정회원,경우시스테크,http://www.kyungwoo.com,서울 금천구,서울특별시 금천구 디지털로9길,제조 / 전화기,92,228,2024,"건설장비·산업차량용 전장품, 전기차 전장품, 중장비 충돌방지 IT 산업안전시스템",불명,"국민연금('26.5) ｜ [조사] 캐치·사람인·원티드·잡코리아(매출 228억, 2024 기준, 직원 약91명, 서울 금천구 가산동), 데이터바우처 기업소개(중장비용 충돌방지 안전시스템 설계)",전장품·안전시스템 설계기업이나 홈페이지(kyungwoo.com 접속불가) 상 부설연구소 명시 미확인 → 불명
정회원,선진건기,http://www.sunjince.com,충북 충주시,충청북도 충주시 동량면 수회길,금속선 가공제품 제조업,3,3,2014,금속선 가공제품(와이어 가공) 제조,불명,"국민연금('26.5) ｜ [조사] 잡코리아/원티드 기업정보 — 충북 충주시 동량면, 설립 2013년, 직원 3명, 2014년 매출 약 3.5억원(가장 최근 공개치). 홈페이지(sunjince.com) 접속 불가로 연구소 확인 불가","초소형(직원3명) 영세업체, 매출 공개 데이터가 2014년 약 3.5억이 최신. 건설기계 직접 부품 여부 불명확"
정회원,신영,http://www.shinyoung.mc.com,경북 영천시,경상북도 영천시 본촌공단길,그 외 자동차용 신품 부품 제조업,735,5104,2024,"자동차 차체부품·금형·지그, LED조명/컨버터 제조",불명,"국민연금('26.5) ｜ [조사] 사람인 기업정보(2026 조회) 매출 5,104억원, 직원 732명(CSV 735와 일치), 경북 영천 본촌공단길 39 — shym.co.kr 차체부품 히든챔피언. 홈페이지에 연구소 명시 미확인","확인요(동명 9법인,상호 짧음) ｜ CSV 홈페이지 shinyoung.mc.com은 소형건설장비 다른 신영과 혼동 소지. 영천 본촌공단·직원735·차체부품 기준으로 (주)신영(shym.co.kr, 차체부품)에 매칭. 건설기계가 아닌 자동차 차체부품 업체"
정회원,신우중공업,http://www.tf-ind.com,경남 창녕군,경상남도 창녕군 대지면 대지농공단지길,전동기 및 발전기 제조업,21,210,2025,"액체펌프·수문·스크린·교반기, 신재생(태양광) 설치",불명,"국민연금('26.5) ｜ [조사] 잡코리아 기업정보 — 경남 창녕 대지농공단지, 매출 2025년 210억(2024년 227억), 대표 안병구. 홈페이지(tf-ind.com) 접속 불가로 연구소 미확인",주력은 펌프·수처리 기계로 건설기계 직접 연관성은 약함
정회원,아원,http://www.evlube.com,경북 구미시,경상북도 구미시 산호대로,기타 반도체 소자 제조업,42,80,2024,건설중장비용 자동그리스 주입기(EVLUBE)·윤활장치,불명,"국민연금('26.5) ｜ [조사] 잡코리아 매출 약 80억, 경북 구미 산호대로, 직원 50명. kidd.co.kr 보도: 굴삭기·로더·펌프카 등 건설중장비 자동그리스주입기 개발, 현대중공업 80/120톤 굴삭기 전량 공급. evlube.com 제품페이지엔 연구소 명시 없음","확인요(동명 3법인,상호 짧음) ｜ EVLUBE 브랜드 자동급유장치 제조사로 매칭(굴착기 등 건설기계 적용). 매출 80억은 잡코리아 표기치(연도 미명시, 최근 추정)"
정회원,에스엔씨,http://www.bullsnc.com,인천 미추홀구,인천광역시 미추홀구 송림로307번길,그 외 기타 금속 가공업,20,65,2025,"굴삭기 어태치먼트·부품(자체브랜드 BULLSTERN), 일본 OKADA ODM",불명,"국민연금('26.5) ｜ [조사] 잡코리아 기업정보 — 매출 2025년 65억(2024년 76억, 2023년 78억), 인천 미추홀구 도화동. BULLSTERN 굴착기 어태치먼트 국내판매·해외수출, OKADA ODM. 홈페이지(bullsnc.com) 접속 불가로 연구소 미확인",확인요(동명 3법인) ｜ 건설기계(굴착기) 어태치먼트 전문 — 회원사 매칭 명확
정회원,에이와이중공업,http://www.ayheavy.com,경기 수원시,경기도 수원시 권선구 호매실로90번길,유압 기기 제조업,3,,,유압브레이커·크러셔·콤팩터 등 굴착기 어태치먼트,유,"국민연금('26.5) ｜ [조사] ayheavy.com / gobizkorea·ec21 기업프로필 — 경기 수원 권선구 호매실로90번길 24 본사 및 기업부설연구실 보유, 특허 유압브레이커·포스트드라이버 제조·수출. 매출은 비상장 소기업(직원 3명, 본사+연구실 형태)으로 공개 재무 미확인",기업부설연구실 명시로 lab=유. 매출 공개 데이터 없음(catch/nicebizinfo 유료·접근차단). 제조는 협력공장 추정
정회원,지피텍,http://www.gptech.kr,경기 안산시,경기도 안산시 단원구 만해로229번길,BIZ_NO미존재사업장,15,,,"불명 (안산 소재 소기업, 사업분야 미확인)",불명,"국민연금('26.5) ｜ [조사] 홈페이지(gptech.kr) 접속 불가(도메인 미존재), catch/잡코리아/사람인/네이버 검색 모두 해당 기업 매칭 실패. 비고 '확인요(상호 짧음)'. 국민연금 가입자 15명(소기업).",확인요(상호 짧음) ｜ 동명 다수(지에프텍/지아이텍 등)로 식별 불가. 매출·제품 미확인.
정회원,케이제이씨,http://www.kjchydraulic.com,경남 김해시,경상남도 김해시 생림면 나전로249번길,유압 기기 제조업,9,,,"상수도 배관 관이음관(NHP/PM Joint), 이탈방지 클램프·신축이음관 등 (내진 파이프 연결장치)",불명,"국민연금('26.5) ｜ [조사] komachine.com/ko/companies/kjc, 잡코리아(45586165), waterkorea.kr — 대표 김창규, 김해 생림면 나전로249번길 13-21 주소 일치. 설립 2011, 사원 18명. 매출 공개수치 미발견(비상장 소기업).",확인요(동명 3법인) ｜ 협회 분류는 '유압 기기 제조업'이나 실제 주력제품은 상수도용 관이음관. 동명 3법인 중 주소·대표로 확정. 홈페이지·komachine에 연구소 명시 없음(특허 10건 보유 언급만).
정회원,티알벨트렉,http://www.trbeltrack.com,,,,,425,2025,"건설·농기계용 고무궤도(크롤러), 컨베이어벨트, 특수 고무제품",불명,"[조사] 잡코리아(trb8119): 매출 425억 8백만원(2025.12), 직원 76명. catch.co.kr/Comp/CompSummary/355305. 홈페이지(trbeltrack.com) 인증서 오류로 직접 확인 불가.",국민연금 미매칭 ｜ 정식 상호 TR벨트랙(주). 홈페이지·잡코리아에 부설연구소 명시 미확인.
정회원,하이드로릭코리아,http://www.hydraulickorea.com,,,,,,,건설중장비(굴삭기·휠로더) 유압부품·엔진·실린더·밸브·액슬 등 보수부품 수출,불명,[조사] tradekorea.com(hydraulickorea) 기업소개 — 건설중장비 부품 전문 수출(35개국). 홈페이지(hydraulickorea.com) 도메인 미존재. catch/나이스/잡코리아에서 동일 상호 매출 매칭 실패(유사명 다수).,국민연금 미매칭 ｜ 국민연금 미매칭 기업. 매출 공개수치 미발견.
정회원,한미중기,http://www.hanmiparts.com,서울 영등포구,서울특별시 영등포구 당산동6가,상품 종합 도매업,3,72,2022,건설기계(굴삭기 등) 부품 수입·도매(무역),불명,"국민연금('26.5) ｜ [조사] 사람인 기업정보(csn …NmtoRDc3MTR5c0xDKytPUlJoVUhiZz09): 매출 72억 1,480만원, 직원 3명, 상품종합도매업/무역. 설립 1999. 홈페이지(hanmiparts.com) 인증서 오류.",매출 기준연도는 사람인 2022년 자료 추정. 직원 3명 규모로 부설연구소 가능성 낮으나 홈페이지 미확인으로 불명.
정회원,현대엠시스템즈,http://www.hyundai-msystems.com,경기 수원시,경기도 수원시 영통구 신원로,응용 소프트웨어 개발 및 공급업,39,110,2023,산업·건설차량용 어라운드뷰(AVM)·카메라·레이더·AI·텔레매틱스 기반 지능형 안전솔루션(응용SW),불명,"국민연금('26.5) ｜ [조사] THE VC(thevc.kr/hyundaimsystems), 사람인(2023, 사원 43명), 잡코리아(metiscomm). 매출 100~120억 보고(자료별 편차)로 약 110억 추정. 설립 2003, 수원 영통구. 홈페이지(hyundai-msystems.com) 인증서 오류.",매출 100~120억 사이로 출처별 상이하여 약 110억(2023)으로 기재. R&D 중심 강소기업이나 홈페이지에서 부설연구소 표기 직접 확인 불가.
정회원,그랜트수리아멀티사라나(유) 한국지사,http://www.gsmskorea.com,,,,,,,건설기계 관련 (인도네시아 PT Grand Surya Multi Sarana 한국지사로 추정),불명,"[조사] 홈페이지(www.gsmskorea.com) DNS 미해결·접속 불가, 웹검색에서 외국법인 한국지사 매출 공개자료 없음. 국민연금 미매칭(CSV)","국민연금 미매칭 ｜ 외국기업 한국지사 추정, 공개 매출 없음 — 동명 확인 어려움(저신뢰)"
정회원,디아이시 트레이딩,,,,,,,,건설기계 부품 등 무역/유통(트레이딩)으로 추정,불명,"[조사] 홈페이지 없음(CSV), 국민연금 미매칭. 웹검색 시 상장사 (주)디아이씨(092200, 감속기·중장비부품)와 별개의 소규모 무역업체로 공개 매출 확인 불가","국민연금 미매칭 ｜ 상장 디아이씨와 동명이인 주의, 공개 매출 없음(저신뢰)"
정회원,디포커스,http://dfocus.net,서울 구로구,서울특별시 구로구 디지털로34길,응용 소프트웨어 개발 및 공급업,169,113,2023,IT 컨설팅·솔루션(BI/ERP/클라우드 가상화·DT·설비안전관제 Df Guard),유,"국민연금('26.5) ｜ [조사] 홈페이지(dfocus.net) 'R&D센터 상시 운영' 명시→연구소 유. 매출: catch.co.kr/saramin(별도기준 최근 113억, 3년평균 145억, 연결 213억). 서울 구로구·직원169명과 부합",건설기계 부품사 아닌 응용SW업체(국민연금 업종). 매출 별도기준 근사치
정회원,상지티앤에스,http://www.sangjiintl.co.kr,경기 고양시,경기도 고양시 일산동구 일산로,산업 처리공정 제어장비 제조업,7,24,2017,"NOK 오일씰·산업용 실링(밀봉)부품 유통(NOK 한국 공식대리점), 산업처리공정 제어장비",불명,"국민연금('26.5) ｜ [조사] 홈페이지(sangjiintl.co.kr=㈜상지인터내셔널) 연구소 언급 없음. 매출: 잡코리아/인크루트(2017년 약 24.3억, 전년比 40%↑). 고양시 일산동구·직원7명과 부합","최신 매출 미공개, 2017년 자료만 확인됨(저신뢰)"
정회원,영동금속,http://www.yd-metal.co.kr,인천 서구,인천광역시 서구 사렴로10번길,선철 주물 주조업,18,59,2024,"청동밸브(게이트·글로브·체크·볼·감압·수도용 역류방지밸브), 부싱",불명,"국민연금('26.5) ｜ [조사] 홈페이지(yd-metal.co.kr) '기술개발' 언급뿐 연구소 명시 없음. 매출: saramin 58억7,470만원(최근), catch/잡코리아 55억대. 인천 서구·직원17~19명과 부합",확인요(동명 2법인) ｜ CSV상 동명 2법인 주의 — 인천 서구 청동밸브사로 매칭
정회원,제이에스씨,http://www.koreahammer.com,충북 진천군,충청북도 진천군 광혜원면 월성안길,제조 / 산업용강화플라스틱성형제품,12,128,2023,"유압브레이커(사일런트/탑/사이드형) 등 건설기계 어태치먼트, Koreahammer 브랜드 수출",불명,"국민연금('26.5) ｜ [조사] 홈페이지(koreahammer.com) 연구소 언급 없음. 매출: saramin 2023년 128억445만원. 충북 진천군·건설기계 수출전문, 직원6~8명(수출무역형)과 부합",확인요(동명 3법인) ｜ CSV상 동명 3법인 주의 — 진천 Koreahammer 유압브레이커사로 매칭
정회원,에이치티테크,http://www.httechbest.co.kr,경남 양산시,경상남도 양산시 산막공단북10길,해당없음,32,222,2024,유압펌프·기어펌프·모터·감속기 등 동력전달·산업기계 부품 제조,불명,"국민연금('26.5) ｜ [조사] 잡코리아(httech8520): 2024년 매출 222억, 2025년 110억(전년比 50%↓), 직원 68명. 홈페이지 SSL 인증서 오류로 연구소 표기 미확인",CSV 고용 32명과 잡코리아 68명 상이하나 홈페이지·지역(양산) 일치. 최근 완결 회계연도(2024) 기준 매출 사용
정회원,스톰파츠,http://www.stormparts.co.kr,서울 영등포구,서울특별시 영등포구 버드나루로6길,건설ㆍ광업용 기계 및 장비 도매업,4,24,2024,건설기계 부품 수출 무역업(중간재·부품 도매),불명,"국민연금('26.5) ｜ [조사] 잡코리아(stormparts1): 2024년 매출 23.9억, 2025년 27.3억, 직원 3명, 주요사업 무역(수출). 동종업종 57위",직원 3명 소규모 무역상사. 최근 완결연도(2024) 기준
정회원,상전정공,http://www.sangjeon.com,경기 화성시,경기도 화성시 만세구 양감면 용소금각로,산업용 난방보일러 및 방열기 제조업,20,150,2024,"내장·냉동탑차 등 특장차(특수목적차량) 제조, 현대차 OEM 협력사",불명,"국민연금('26.5) ｜ [조사] 사람인 기업정보: 매출 150억7,576만원. 홈페이지(sangjeon.com) 회사개요에 연구소 표기 없음",국민연금 업종이 '난방보일러·방열기'로 등록돼 있으나 실제는 냉동탑차·특장차 제조(우레탄 발포 보냉판넬). 연도 명시 없어 최근치로 추정
정회원,스털링테크놀로지,http://sterlingripper.com,경기 화성시,경기도 화성시 만세구 마도면 마도로620번길,건설 및 채광용 기계장비 제조업,8,40,2025,굴착기 어태치먼트(진동리퍼·항타기·파쇄기 등 유압 부착장비) 제조,불명,"국민연금('26.5) ｜ [조사] 잡코리아(sterlingripper): 2025년 매출 40.07억, 2024년 34.2억, 2023년 50.2억. 홈페이지(sterlingripper.com)에 연구소 명시 없음",건설·토목·광산용 굴착기 부착장비 전문
정회원,제이제이텍,,부산 사하구,부산광역시 사하구 신산로,그 외 자동차용 신품 부품 제조업,3,,,자동차용 신품 부품 제조(국민연금 업종 기준),불명,"국민연금('26.5) ｜ [조사] 홈페이지 없음(CSV 공란), 직원 3명 소기업. 부산 사하구 '제이제이텍'에 정확 매칭되는 공개 매출 자료 확인 불가(동명·유사명 다수: 제이엔제이테크·제이제이앤컴퍼니스 등)","비상장 소기업, 지역(부산 사하구) 일치하는 공개 매출 미확인. 동명 혼동 위험으로 매출 미기재"
정회원,태하메카트로닉스,http://www.taeha.co.kr,경기 안양시,경기도 안양시 만안구 박달로,기타 반도체 소자 제조업,87,224,2024,건설중장비 제어기(굴착기 자동제어 컨트롤러)·유산소 운동기기(트레드밀 등) 제조,유,"국민연금('26.5) ｜ [조사] 캐치(049403)/뉴스: 2024년 매출 약 223.7억(2023년 259억). 홈페이지(taeha.co.kr)·기사에 '태하 기술연구소' 명시, 수입대체 굴착기 자동제어 자체 개발",국민연금 업종은 '반도체 소자'로 등록됐으나 실제 중장비 제어기·운동기기 제조. 기술연구소 보유로 lab=유
정회원,호룡,http://www.horyong.co.kr,전북 김제시,전북특별자치도 김제시 만경읍 만경공단2길,기타 물품 취급장비 제조업,164,779,2023,고소작업차·고가사다리차·크레인·펌프카 등 특장차 및 전기굴착기(전동화 건설장비),불명,"국민연금('26.5) ｜ [조사] 잡코리아/사람인·위키백과 (매출 779.7억, 146명). 홈페이지(horyong.co.kr)에 'R&D Pipeline' 메뉴는 있으나 부설연구소/기술연구소 명칭 표기 없음. 연도 명시 부족(가장 최근 공시 기준)",확인요(상호 짧음) ｜ 특장차/전기굴착기 제조 완성차업체. 매출 기준연도가 명확히 표기되지 않아 최신 공시 추정
정회원,티엠티에스,,경기 시흥시,경기도 시흥시 마유로144번길,BIZ_NO미존재사업장,19,81,2024,"유압기계밀봉장치, 고무·우레탄 완충제(유압브레이커용 방진부재 등 건설기계 유압 부품)",불명,"국민연금('26.5) ｜ [조사] 사람인 기업정보(매출 81.18억, 19명, 유압브레이커 관련 특허·ISO9001/14001). 홈페이지 미상으로 연구소 표기 확인 불가",건설기계 유압브레이커 부품 제조 소기업
정회원,비앤드알 산업자동화,http://www.br-automation.com,경기 안양시,경기도 안양시 동안구 평촌대로212번길,전기용 기계ㆍ장비 및 관련 기자재 도매업,20,236,2023,산업자동화 솔루션(PLC·모션제어·HMI·통합안전) 공급. 오스트리아 B&R(ABB그룹) 한국법인,불명,"국민연금('26.5) ｜ [조사] 잡코리아/사람인 재무(2023 매출 235.9억, 영업이익 18.1억, 34명). 홈페이지(br-automation.com) DNS 접속불가로 연구소 표기 미확인",글로벌 B&R(ABB) 한국 판매·기술지원 법인. 건설기계 자체 제조 아님(자동화 기자재 도매)
정회원,메가티에스,,,,,,,,불명 (식별 불가),불명,[조사] CSV상 지역·업종·고용 모두 공란(국민연금 미매칭). 동명 다수(메가투스/메가텍/메가테크 등)로 대상 법인 특정 불가하여 매출 미확인,국민연금 미매칭 ｜ 식별정보 부족으로 동명 기업과 구분 불가 — 저신뢰. 추가 사업자번호/지역 정보 필요
정회원,아크로스,,강원 춘천시,강원특별자치도 춘천시 동내면 거두단지1길,그 외 기타 의료용 기기 제조업,85,954,2024,히알루론산(HA) 필러·조직수복용 생체재료 등 의료기기(Dermalax 시리즈). 휴젤 관계사,불명,"국민연금('26.5) ｜ [조사] 아시아투데이·비즈니스포스트 등 뉴스(2024 매출 954억, 해외비중 89%), 사람인(86~94명, 춘천). 홈페이지(across.kr)에 부설연구소 명칭 명시 미확인",의료기기(필러) 제조사로 건설기계와 무관 — 회원사 명단상 동명 가능성 있으나 춘천·의료기기 업종 일치 기업으로 매칭
정회원,에스더블유티,http://www.swt-hydraulics.com,경남 김해시,경상남도 김해시 한림면 김해대로916번길,그 외 자동차용 신품 부품 제조업,10,,,"유압기기/자동차 차체용 부품(SWT Hydraulics, 김해 한림면)",불명,국민연금('26.5) ｜ [조사] 나이스비즈인포(kiscode JC9915): 자동차 차체용 신품 부품 제조업으로 확인되나 매출은 유료 보고서로 비공개. 홈페이지(swt-hydraulics.com) DNS 접속불가. 동명 3법인으로 사람인 등 타 DB 매출은 다른 법인(당진 봉제) 혼입되어 채택 불가,확인요(동명 3법인) ｜ 동명 3법인 — 김해·유압/자동차부품 법인의 공개 매출 미확보로 revenue 공란 처리(저신뢰)
정회원,에피록 코리아,http://www.epiroc.com/en-kr,경기 성남시,경기도 성남시 분당구 판교역로192번길,건설ㆍ광업용 기계 및 장비 도매업,23,,,"광산·터널·건설용 굴착장비, 천공기, 어태치먼트(아트라스콥코에서 분사한 외국계 법인)",불명,"국민연금('26.5) ｜ [조사] 홈페이지(epiroc.com/en-kr/about-us) - 판교 본사·제천 서비스센터, 외국계 비상장이라 공개 매출 없음. 국민연금 가입자 23명(소규모 한국법인)","Epiroc Korea(아트라스콥코 광산토목 분사). 한국법인 매출 공개자료 없음, 연구소 표기 미확인"
정회원,알씨테크,http://irctech.modoo.at,경기 용인시,경기도 용인시 처인구 포곡읍 포곡로272번길,반도체 제조용 기계 제조업,24,88,2024,"반도체 Diff 장비 업사이클링, 핵심부품 국산화(자동압력제어밸브·항온조·하스텔로이 실캡 등) 'RC-300K' 장비",유,"국민연금('26.5) ｜ [조사] 사람인(2024 재무: 매출 88억4,482만원), SK하이닉스 뉴스룸·nextround - 기업부설연구소 인증 보유. 용인 처인구 포곡읍 소재로 CSV 지역 일치",확인요(동명 2법인) ｜ 동명 2법인 중 용인 포곡 반도체장비(SK하이닉스 사내벤처 하이개라지 1기) 법인으로 확정. 건설기계보다 반도체장비 업종
정회원,코오롱글로벌,http://www.kolonglobal.com,경기 과천시,경기도 과천시 코오롱로,아파트 건설업,1173,29041,2024,건설(주택·비주택 시공)·상사·자동차 유통 종합기업(상장사),불명,"국민연금('26.5) ｜ [조사] 코오롱 2024 연간 경영실적·대한경제(dnews) - 2024 매출 2조9,041억원(전년比 9.8%↑). 상장코드 003070",건설기계 제조사가 아닌 종합건설·상사 상장사
준회원,슈퍼랙 주식회사,http://http;//www.super-rack.com,,,,,,,OOG(규격초과·중량) 화물용 특수 컨테이너(SUPER RACK) 해상운송·장비 렌탈(장금상선 자회사),불명,"[조사] 홈페이지(superrack.co.kr), 잡코리아 - 2019년 설립, 장금상선그룹 계열. 공개 매출 미상(2020년 약 7,554만원 수준 소규모). CSV는 국민연금 미매칭·준회원",국민연금 미매칭 ｜ 건설기계 제조사 아님(물류·해상운송). 매출 공개자료 부족
정회원,(주)대동,https://ko.daedong.co.kr/,대구 달성군,대구광역시 달성군 논공읍 논공중앙로34길,농업 및 임업용 기계 제조업,1076,14100,2024,"트랙터·콤바인·이앙기 등 농업기계(국내 농기계 1위), 모빌리티·로봇 신사업",불명,"국민연금('26.5) ｜ [조사] 농민신문·대동 IR·사람인 - 2024 연결매출 1조4,100억원(전년比 1.4%↓). 상장코드 000490. 대구 달성 논공으로 CSV 지역 일치","확인요(동명 11법인,상호 짧음) ｜ 동명 11법인 중 대구 달성 농기계 상장사(대동그룹 주력)로 확정. 농업기계 업종"
정회원,유압사랑,http://www.hydrofriends.com,경기 시흥시,경기도 시흥시 협력로,유압 기기 제조업,25,126,2021,굴착기·크레인·지게차 등 건설기계용 유압밸브(유압기기) 제조,불명,"국민연금('26.5) ｜ [조사] 사람인·nicebizinfo - 2021 매출 125억5,802만원, 직원 41명. 경기 시흥 시화공단 소재로 CSV 일치. HD현대건설기계·HD현대인프라코어 협력사. 홈페이지(hydrofriends.com) 접속불가로 연구소 표기 미확인",건설기계 유압밸브 전문 중소기업. 최신연도 매출은 2021 기준자료만 확인
정회원,산하한국 주식회사,http://kr.sunward.com.cn/,경기 수원시,경기도 수원시 영통구 삼성로,상품 종합 도매업,4,,,"중국 Sunward(山河智能) 건설기계 수입·판매 — 미니/소형 굴착기, 휠로더, 고소작업대 등 (상품 종합 도매)",불명,"국민연금('26.5) ｜ [조사] 홈페이지 kr.sunward.com.cn(=Sunward 山河智能 브랜드), sunwardkorea.co.kr(SSL오류로 접속불가). 업종 '상품 종합 도매업'·국민연금 가입자 4명으로 Sunward 한국 수입·판매 소형 영업법인으로 확인(WebSearch). 비상장 소규모 무역법인으로 공개 매출 미확인 — nicebizinfo/잡코리아의 '산하'는 남원·성남 식품업체로 동명이인 별개 법인. 부설연구소 표기 확인 불가(불명).",도매·수입판매 영업법인(제조 아님). 동명 다수: 나이스비즈인포·잡코리아의 '산하'(식품)는 별개 법인이므로 매칭 제외.
